"LOCATION","INDICATOR","SUBJECT","MEASURE","FREQUENCY","TIME","Value","Flag Codes"
"AUS","RENEWABLE","TOT","PC_PRYENRGSUPPLY","A","2016",6.554044,
"AUS","RENEWABLE","TOT","PC_PRYENRGSUPPLY","A","2017",6.957394,
"AUS","RENEWABLE","TOT","PC_PRYENRGSUPPLY","A","2018",7.03609,
"AUS","RENEWABLE","TOT","PC_PRYENRGSUPPLY","A","2019",7.312959,
"AUS","RENEWABLE","TOT","PC_PRYENRGSUPPLY","A","2020",8.46729,
"AUT","RENEWABLE","TOT","PC_PRYENRGSUPPLY","A","2016",30.33949,
"AUT","RENEWABLE","TOT","PC_PRYENRGSUPPLY","A","2017",29.84555,
"AUT","RENEWABLE","TOT","PC_PRYENRGSUPPLY","A","2018",29.43423,
"AUT","RENEWABLE","TOT","PC_PRYENRGSUPPLY","A","2019",29.85155,
"AUT","RENEWABLE","TOT","PC_PRYENRGSUPPLY","A","2020",32.38082,
"BEL","RENEWABLE","TOT","PC_PRYENRGSUPPLY","A","2016",7.032968,
"BEL","RENEWABLE","TOT","PC_PRYENRGSUPPLY","A","2017",7.311818,
"BEL","RENEWABLE","TOT","PC_PRYENRGSUPPLY","A","2018",7.775867,
"BEL","RENEWABLE","TOT","PC_PRYENRGSUPPLY","A","2019",7.771999,
"BEL","RENEWABLE","TOT","PC_PRYENRGSUPPLY","A","2020",9.408979,
"CAN","RENEWABLE","TOT","PC_PRYENRGSUPPLY","A","2016",16.95478,
"CAN","RENEWABLE","TOT","PC_PRYENRGSUPPLY","A","2017",16.718,
"CAN","RENEWABLE","TOT","PC_PRYENRGSUPPLY","A","2018",16.22611,
"CAN","RENEWABLE","TOT","PC_PRYENRGSUPPLY","A","2019",16.15387,
"CAN","RENEWABLE","TOT","PC_PRYENRGSUPPLY","A","2020",17.25609,
"CZE","RENEWABLE","TOT","PC_PRYENRGSUPPLY","A","2016",10.38067,
"CZE","RENEWABLE","TOT","PC_PRYENRGSUPPLY","A","2017",10.13932,
"CZE","RENEWABLE","TOT","PC_PRYENRGSUPPLY","A","2018",10.12844,
"CZE","RENEWABLE","TOT","PC_PRYENRGSUPPLY","A","2019",11.01611,
"CZE","RENEWABLE","TOT","PC_PRYENRGSUPPLY","A","2020",12.11895,
"DNK","RENEWABLE","TOT","PC_PRYENRGSUPPLY","A","2016",29.96115,
"DNK","RENEWABLE","TOT","PC_PRYENRGSUPPLY","A","2017",33.13993,
"DNK","RENEWABLE","TOT","PC_PRYENRGSUPPLY","A","2018",32.87941,
"DNK","RENEWABLE","TOT","PC_PRYENRGSUPPLY","A","2019",35.80471,
"DNK","RENEWABLE","TOT","PC_PRYENRGSUPPLY","A","2020",39.03011,
"FIN","RENEWABLE","TOT","PC_PRYENRGSUPPLY","A","2016",31.6162,
"FIN","RENEWABLE","TOT","PC_PRYENRGSUPPLY","A","2017",33.60643,
"FIN","RENEWABLE","TOT","PC_PRYENRGSUPPLY","A","2018",33.77847,
"FIN","RENEWABLE","TOT","PC_PRYENRGSUPPLY","A","2019",34.87724,
"FIN","RENEWABLE","TOT","PC_PRYENRGSUPPLY","A","2020",36.62712,
"FRA","RENEWABLE","TOT","PC_PRYENRGSUPPLY","A","2016",9.745078,
"FRA","RENEWABLE","TOT","PC_PRYENRGSUPPLY","A","2017",9.566522,
"FRA","RENEWABLE","TOT","PC_PRYENRGSUPPLY","A","2018",10.37413,
"FRA","RENEWABLE","TOT","PC_PRYENRGSUPPLY","A","2019",10.61327,
"FRA","RENEWABLE","TOT","PC_PRYENRGSUPPLY","A","2020",11.81464,
"DEU","RENEWABLE","TOT","PC_PRYENRGSUPPLY","A","2016",12.5308,
"DEU","RENEWABLE","TOT","PC_PRYENRGSUPPLY","A","2017",13.32463,
"DEU","RENEWABLE","TOT","PC_PRYENRGSUPPLY","A","2018",14.01132,
"DEU","RENEWABLE","TOT","PC_PRYENRGSUPPLY","A","2019",15.01865,
"DEU","RENEWABLE","TOT","PC_PRYENRGSUPPLY","A","2020",16.38337,
"GRC","RENEWABLE","TOT","PC_PRYENRGSUPPLY","A","2016",11.8726,
"GRC","RENEWABLE","TOT","PC_PRYENRGSUPPLY","A","2017",11.34111,
"GRC","RENEWABLE","TOT","PC_PRYENRGSUPPLY","A","2018",12.56322,
"GRC","RENEWABLE","TOT","PC_PRYENRGSUPPLY","A","2019",12.77744,
"GRC","RENEWABLE","TOT","PC_PRYENRGSUPPLY","A","2020",15.34319,
"HUN","RENEWABLE","TOT","PC_PRYENRGSUPPLY","A","2016",11.78334,
"HUN","RENEWABLE","TOT","PC_PRYENRGSUPPLY","A","2017",11.14029,
"HUN","RENEWABLE","TOT","PC_PRYENRGSUPPLY","A","2018",10.49218,
"HUN","RENEWABLE","TOT","PC_PRYENRGSUPPLY","A","2019",10.56647,
"HUN","RENEWABLE","TOT","PC_PRYENRGSUPPLY","A","2020",11.27034,
"ISL","RENEWABLE","TOT","PC_PRYENRGSUPPLY","A","2016",87.18665,
"ISL","RENEWABLE","TOT","PC_PRYENRGSUPPLY","A","2017",88.49532,
"ISL","RENEWABLE","TOT","PC_PRYENRGSUPPLY","A","2018",88.85349,
"ISL","RENEWABLE","TOT","PC_PRYENRGSUPPLY","A","2019",88.91694,
"ISL","RENEWABLE","TOT","PC_PRYENRGSUPPLY","A","2020",89.87399,
"IRL","RENEWABLE","TOT","PC_PRYENRGSUPPLY","A","2016",7.911107,
"IRL","RENEWABLE","TOT","PC_PRYENRGSUPPLY","A","2017",9.522099,
"IRL","RENEWABLE","TOT","PC_PRYENRGSUPPLY","A","2018",10.29611,
"IRL","RENEWABLE","TOT","PC_PRYENRGSUPPLY","A","2019",11.53882,
"IRL","RENEWABLE","TOT","PC_PRYENRGSUPPLY","A","2020",13.12002,
"ITA","RENEWABLE","TOT","PC_PRYENRGSUPPLY","A","2016",17.23303,
"ITA","RENEWABLE","TOT","PC_PRYENRGSUPPLY","A","2017",17.0554,
"ITA","RENEWABLE","TOT","PC_PRYENRGSUPPLY","A","2018",17.72264,
"ITA","RENEWABLE","TOT","PC_PRYENRGSUPPLY","A","2019",18.13414,
"ITA","RENEWABLE","TOT","PC_PRYENRGSUPPLY","A","2020",19.42268,
"JPN","RENEWABLE","TOT","PC_PRYENRGSUPPLY","A","2016",5.022702,
"JPN","RENEWABLE","TOT","PC_PRYENRGSUPPLY","A","2017",5.441419,
"JPN","RENEWABLE","TOT","PC_PRYENRGSUPPLY","A","2018",5.743594,
"JPN","RENEWABLE","TOT","PC_PRYENRGSUPPLY","A","2019",6.270579,
"JPN","RENEWABLE","TOT","PC_PRYENRGSUPPLY","A","2020",6.773438,
"KOR","RENEWABLE","TOT","PC_PRYENRGSUPPLY","A","2016",1.522355,
"KOR","RENEWABLE","TOT","PC_PRYENRGSUPPLY","A","2017",1.671813,
"KOR","RENEWABLE","TOT","PC_PRYENRGSUPPLY","A","2018",1.94492,
"KOR","RENEWABLE","TOT","PC_PRYENRGSUPPLY","A","2019",2.000436,
"KOR","RENEWABLE","TOT","PC_PRYENRGSUPPLY","A","2020",2.250828,
"LUX","RENEWABLE","TOT","PC_PRYENRGSUPPLY","A","2016",5.959451,
"LUX","RENEWABLE","TOT","PC_PRYENRGSUPPLY","A","2017",6.991186,
"LUX","RENEWABLE","TOT","PC_PRYENRGSUPPLY","A","2018",7.530264,
"LUX","RENEWABLE","TOT","PC_PRYENRGSUPPLY","A","2019",8.067554,
"LUX","RENEWABLE","TOT","PC_PRYENRGSUPPLY","A","2020",10.708,
"MEX","RENEWABLE","TOT","PC_PRYENRGSUPPLY","A","2016",8.45571,
"MEX","RENEWABLE","TOT","PC_PRYENRGSUPPLY","A","2017",9.240073,
"MEX","RENEWABLE","TOT","PC_PRYENRGSUPPLY","A","2018",8.402923,
"MEX","RENEWABLE","TOT","PC_PRYENRGSUPPLY","A","2019",8.609434,
"MEX","RENEWABLE","TOT","PC_PRYENRGSUPPLY","A","2020",9.628024,
"NLD","RENEWABLE","TOT","PC_PRYENRGSUPPLY","A","2016",4.980814,
"NLD","RENEWABLE","TOT","PC_PRYENRGSUPPLY","A","2017",5.395937,
"NLD","RENEWABLE","TOT","PC_PRYENRGSUPPLY","A","2018",6.035296,
"NLD","RENEWABLE","TOT","PC_PRYENRGSUPPLY","A","2019",7.230274,
"NLD","RENEWABLE","TOT","PC_PRYENRGSUPPLY","A","2020",9.18866,
"NZL","RENEWABLE","TOT","PC_PRYENRGSUPPLY","A","2016",40.16903,
"NZL","RENEWABLE","TOT","PC_PRYENRGSUPPLY","A","2017",39.8467,
"NZL","RENEWABLE","TOT","PC_PRYENRGSUPPLY","A","2018",41.5835,
"NZL","RENEWABLE","TOT","PC_PRYENRGSUPPLY","A","2019",40.38601,
"NZL","RENEWABLE","TOT","PC_PRYENRGSUPPLY","A","2020",40.04115,
"NOR","RENEWABLE","TOT","PC_PRYENRGSUPPLY","A","2016",49.45056,
"NOR","RENEWABLE","TOT","PC_PRYENRGSUPPLY","A","2017",47.6722,
"NOR","RENEWABLE","TOT","PC_PRYENRGSUPPLY","A","2018",46.37768,
"NOR","RENEWABLE","TOT","PC_PRYENRGSUPPLY","A","2019",47.58648,
"NOR","RENEWABLE","TOT","PC_PRYENRGSUPPLY","A","2020",51.1092,
"POL","RENEWABLE","TOT","PC_PRYENRGSUPPLY","A","2016",8.815536,
"POL","RENEWABLE","TOT","PC_PRYENRGSUPPLY","A","2017",8.536137,
"POL","RENEWABLE","TOT","PC_PRYENRGSUPPLY","A","2018",8.488762,
"POL","RENEWABLE","TOT","PC_PRYENRGSUPPLY","A","2019",9.393448,
"POL","RENEWABLE","TOT","PC_PRYENRGSUPPLY","A","2020",10.1256,
"PRT","RENEWABLE","TOT","PC_PRYENRGSUPPLY","A","2016",25.79438,
"PRT","RENEWABLE","TOT","PC_PRYENRGSUPPLY","A","2017",21.21663,
"PRT","RENEWABLE","TOT","PC_PRYENRGSUPPLY","A","2018",24.80534,
"PRT","RENEWABLE","TOT","PC_PRYENRGSUPPLY","A","2019",24.70814,
"PRT","RENEWABLE","TOT","PC_PRYENRGSUPPLY","A","2020",28.2431,
"SVK","RENEWABLE","TOT","PC_PRYENRGSUPPLY","A","2016",9.55877,
"SVK","RENEWABLE","TOT","PC_PRYENRGSUPPLY","A","2017",9.148787,
"SVK","RENEWABLE","TOT","PC_PRYENRGSUPPLY","A","2018",9.132762,
"SVK","RENEWABLE","TOT","PC_PRYENRGSUPPLY","A","2019",12.68445,
"SVK","RENEWABLE","TOT","PC_PRYENRGSUPPLY","A","2020",12.78883,
"ESP","RENEWABLE","TOT","PC_PRYENRGSUPPLY","A","2016",14.64491,
"ESP","RENEWABLE","TOT","PC_PRYENRGSUPPLY","A","2017",13.12754,
"ESP","RENEWABLE","TOT","PC_PRYENRGSUPPLY","A","2018",14.3535,
"ESP","RENEWABLE","TOT","PC_PRYENRGSUPPLY","A","2019",14.84701,
"ESP","RENEWABLE","TOT","PC_PRYENRGSUPPLY","A","2020",16.9621,
"SWE","RENEWABLE","TOT","PC_PRYENRGSUPPLY","A","2016",37.82013,
"SWE","RENEWABLE","TOT","PC_PRYENRGSUPPLY","A","2017",39.44614,
"SWE","RENEWABLE","TOT","PC_PRYENRGSUPPLY","A","2018",36.75182,
"SWE","RENEWABLE","TOT","PC_PRYENRGSUPPLY","A","2019",40.06853,
"SWE","RENEWABLE","TOT","PC_PRYENRGSUPPLY","A","2020",44.91779,
"CHE","RENEWABLE","TOT","PC_PRYENRGSUPPLY","A","2016",21.14572,
"CHE","RENEWABLE","TOT","PC_PRYENRGSUPPLY","A","2017",21.30457,
"CHE","RENEWABLE","TOT","PC_PRYENRGSUPPLY","A","2018",21.49704,
"CHE","RENEWABLE","TOT","PC_PRYENRGSUPPLY","A","2019",22.45361,
"CHE","RENEWABLE","TOT","PC_PRYENRGSUPPLY","A","2020",23.83334,
"TUR","RENEWABLE","TOT","PC_PRYENRGSUPPLY","A","2016",12.53349,
"TUR","RENEWABLE","TOT","PC_PRYENRGSUPPLY","A","2017",12.08228,
"TUR","RENEWABLE","TOT","PC_PRYENRGSUPPLY","A","2018",13.25284,
"TUR","RENEWABLE","TOT","PC_PRYENRGSUPPLY","A","2019",15.93154,
"TUR","RENEWABLE","TOT","PC_PRYENRGSUPPLY","A","2020",16.24106,
"GBR","RENEWABLE","TOT","PC_PRYENRGSUPPLY","A","2016",8.585207,
"GBR","RENEWABLE","TOT","PC_PRYENRGSUPPLY","A","2017",9.656305,
"GBR","RENEWABLE","TOT","PC_PRYENRGSUPPLY","A","2018",10.89437,
"GBR","RENEWABLE","TOT","PC_PRYENRGSUPPLY","A","2019",12.22481,
"GBR","RENEWABLE","TOT","PC_PRYENRGSUPPLY","A","2020",13.91001,
"USA","RENEWABLE","TOT","PC_PRYENRGSUPPLY","A","2016",7.169851,
"USA","RENEWABLE","TOT","PC_PRYENRGSUPPLY","A","2017",7.537478,
"USA","RENEWABLE","TOT","PC_PRYENRGSUPPLY","A","2018",7.778292,
"USA","RENEWABLE","TOT","PC_PRYENRGSUPPLY","A","2019",7.903494,
"USA","RENEWABLE","TOT","PC_PRYENRGSUPPLY","A","2020",8.495673,
"ALB","RENEWABLE","TOT","PC_PRYENRGSUPPLY","A","2016",42.07326,
"ALB","RENEWABLE","TOT","PC_PRYENRGSUPPLY","A","2017",27.38466,
"ALB","RENEWABLE","TOT","PC_PRYENRGSUPPLY","A","2018",43.50548,
"ALB","RENEWABLE","TOT","PC_PRYENRGSUPPLY","A","2019",31.7737,
"DZA","RENEWABLE","TOT","PC_PRYENRGSUPPLY","A","2016",0.06246465,
"DZA","RENEWABLE","TOT","PC_PRYENRGSUPPLY","A","2017",0.1129411,
"DZA","RENEWABLE","TOT","PC_PRYENRGSUPPLY","A","2018",0.1465609,
"DZA","RENEWABLE","TOT","PC_PRYENRGSUPPLY","A","2019",0.1301328,
"AGO","RENEWABLE","TOT","PC_PRYENRGSUPPLY","A","2016",49.1946,
"AGO","RENEWABLE","TOT","PC_PRYENRGSUPPLY","A","2017",53.15757,
"AGO","RENEWABLE","TOT","PC_PRYENRGSUPPLY","A","2018",47.97626,
"AGO","RENEWABLE","TOT","PC_PRYENRGSUPPLY","A","2019",49.5272,
"ARG","RENEWABLE","TOT","PC_PRYENRGSUPPLY","A","2016",7.267355,
"ARG","RENEWABLE","TOT","PC_PRYENRGSUPPLY","A","2017",8.055003,
"ARG","RENEWABLE","TOT","PC_PRYENRGSUPPLY","A","2018",8.221233,
"ARG","RENEWABLE","TOT","PC_PRYENRGSUPPLY","A","2019",8.571218,
"ARG","RENEWABLE","TOT","PC_PRYENRGSUPPLY","A","2020",8.491999,
"ARM","RENEWABLE","TOT","PC_PRYENRGSUPPLY","A","2016",10.60389,
"ARM","RENEWABLE","TOT","PC_PRYENRGSUPPLY","A","2017",10.04736,
"ARM","RENEWABLE","TOT","PC_PRYENRGSUPPLY","A","2018",9.565959,
"ARM","RENEWABLE","TOT","PC_PRYENRGSUPPLY","A","2019",8.807516,
"AZE","RENEWABLE","TOT","PC_PRYENRGSUPPLY","A","2016",1.670994,
"AZE","RENEWABLE","TOT","PC_PRYENRGSUPPLY","A","2017",1.544874,
"AZE","RENEWABLE","TOT","PC_PRYENRGSUPPLY","A","2018",1.631931,
"AZE","RENEWABLE","TOT","PC_PRYENRGSUPPLY","A","2019",1.423195,
"BHR","RENEWABLE","TOT","PC_PRYENRGSUPPLY","A","2016",0,
"BHR","RENEWABLE","TOT","PC_PRYENRGSUPPLY","A","2017",0,
"BHR","RENEWABLE","TOT","PC_PRYENRGSUPPLY","A","2018",0,
"BHR","RENEWABLE","TOT","PC_PRYENRGSUPPLY","A","2019",0,
"BGD","RENEWABLE","TOT","PC_PRYENRGSUPPLY","A","2016",21.75081,
"BGD","RENEWABLE","TOT","PC_PRYENRGSUPPLY","A","2017",20.99053,
"BGD","RENEWABLE","TOT","PC_PRYENRGSUPPLY","A","2018",20.68854,
"BGD","RENEWABLE","TOT","PC_PRYENRGSUPPLY","A","2019",18.32231,
"BLR","RENEWABLE","TOT","PC_PRYENRGSUPPLY","A","2016",5.55247,
"BLR","RENEWABLE","TOT","PC_PRYENRGSUPPLY","A","2017",6.00351,
"BLR","RENEWABLE","TOT","PC_PRYENRGSUPPLY","A","2018",5.846948,
"BLR","RENEWABLE","TOT","PC_PRYENRGSUPPLY","A","2019",6.708441,
"BEN","RENEWABLE","TOT","PC_PRYENRGSUPPLY","A","2016",53.37902,
"BEN","RENEWABLE","TOT","PC_PRYENRGSUPPLY","A","2017",52.74787,
"BEN","RENEWABLE","TOT","PC_PRYENRGSUPPLY","A","2018",51.60884,
"BEN","RENEWABLE","TOT","PC_PRYENRGSUPPLY","A","2019",54.61214,
"BEN","RENEWABLE","TOT","PC_PRYENRGSUPPLY","A","2020",53.42597,
"BOL","RENEWABLE","TOT","PC_PRYENRGSUPPLY","A","2016",8.993471,
"BOL","RENEWABLE","TOT","PC_PRYENRGSUPPLY","A","2017",8.8349,
"BOL","RENEWABLE","TOT","PC_PRYENRGSUPPLY","A","2018",9.25796,
"BOL","RENEWABLE","TOT","PC_PRYENRGSUPPLY","A","2019",10.03349,
"BIH","RENEWABLE","TOT","PC_PRYENRGSUPPLY","A","2016",15.59068,
"BIH","RENEWABLE","TOT","PC_PRYENRGSUPPLY","A","2017",11.7493,
"BIH","RENEWABLE","TOT","PC_PRYENRGSUPPLY","A","2018",23.48952,
"BIH","RENEWABLE","TOT","PC_PRYENRGSUPPLY","A","2019",24.89895,
"BWA","RENEWABLE","TOT","PC_PRYENRGSUPPLY","A","2016",19.50191,
"BWA","RENEWABLE","TOT","PC_PRYENRGSUPPLY","A","2017",18.31032,
"BWA","RENEWABLE","TOT","PC_PRYENRGSUPPLY","A","2018",18.92153,
"BWA","RENEWABLE","TOT","PC_PRYENRGSUPPLY","A","2019",18.86455,
"BRA","RENEWABLE","TOT","PC_PRYENRGSUPPLY","A","2016",42.57958,
"BRA","RENEWABLE","TOT","PC_PRYENRGSUPPLY","A","2017",42.31983,
"BRA","RENEWABLE","TOT","PC_PRYENRGSUPPLY","A","2018",44.74527,
"BRA","RENEWABLE","TOT","PC_PRYENRGSUPPLY","A","2019",45.62274,
"BRA","RENEWABLE","TOT","PC_PRYENRGSUPPLY","A","2020",47.84661,
"BRN","RENEWABLE","TOT","PC_PRYENRGSUPPLY","A","2016",0.002870015,
"BRN","RENEWABLE","TOT","PC_PRYENRGSUPPLY","A","2017",0.003659498,
"BRN","RENEWABLE","TOT","PC_PRYENRGSUPPLY","A","2018",0.003670864,
"BRN","RENEWABLE","TOT","PC_PRYENRGSUPPLY","A","2019",0.003253752,
"BGR","RENEWABLE","TOT","PC_PRYENRGSUPPLY","A","2016",10.80173,
"BGR","RENEWABLE","TOT","PC_PRYENRGSUPPLY","A","2017",10.03155,
"BGR","RENEWABLE","TOT","PC_PRYENRGSUPPLY","A","2018",13.19233,
"BGR","RENEWABLE","TOT","PC_PRYENRGSUPPLY","A","2019",12.90554,
"KHM","RENEWABLE","TOT","PC_PRYENRGSUPPLY","A","2016",53.21486,
"KHM","RENEWABLE","TOT","PC_PRYENRGSUPPLY","A","2017",52.30679,
"KHM","RENEWABLE","TOT","PC_PRYENRGSUPPLY","A","2018",51.85241,
"KHM","RENEWABLE","TOT","PC_PRYENRGSUPPLY","A","2019",47.85085,
"CMR","RENEWABLE","TOT","PC_PRYENRGSUPPLY","A","2016",72.90405,
"CMR","RENEWABLE","TOT","PC_PRYENRGSUPPLY","A","2017",74.39848,
"CMR","RENEWABLE","TOT","PC_PRYENRGSUPPLY","A","2018",74.76318,
"CMR","RENEWABLE","TOT","PC_PRYENRGSUPPLY","A","2019",75.69912,
"CHL","RENEWABLE","TOT","PC_PRYENRGSUPPLY","A","2016",27.10929,
"CHL","RENEWABLE","TOT","PC_PRYENRGSUPPLY","A","2017",27.8409,
"CHL","RENEWABLE","TOT","PC_PRYENRGSUPPLY","A","2018",28.76839,
"CHL","RENEWABLE","TOT","PC_PRYENRGSUPPLY","A","2019",27.39787,
"CHL","RENEWABLE","TOT","PC_PRYENRGSUPPLY","A","2020",29.74923,
"CHN","RENEWABLE","TOT","PC_PRYENRGSUPPLY","A","2016",8.919158,
"CHN","RENEWABLE","TOT","PC_PRYENRGSUPPLY","A","2017",9.178692,
"CHN","RENEWABLE","TOT","PC_PRYENRGSUPPLY","A","2018",9.363778,
"CHN","RENEWABLE","TOT","PC_PRYENRGSUPPLY","A","2019",9.673476,
"COL","RENEWABLE","TOT","PC_PRYENRGSUPPLY","A","2016",23.9353,
"COL","RENEWABLE","TOT","PC_PRYENRGSUPPLY","A","2017",26.49554,
"COL","RENEWABLE","TOT","PC_PRYENRGSUPPLY","A","2018",26.02241,
"COL","RENEWABLE","TOT","PC_PRYENRGSUPPLY","A","2019",22.7187,
"COL","RENEWABLE","TOT","PC_PRYENRGSUPPLY","A","2020",25.01842,
"COG","RENEWABLE","TOT","PC_PRYENRGSUPPLY","A","2016",56.31275,
"COG","RENEWABLE","TOT","PC_PRYENRGSUPPLY","A","2017",58.19729,
"COG","RENEWABLE","TOT","PC_PRYENRGSUPPLY","A","2018",56.79961,
"COG","RENEWABLE","TOT","PC_PRYENRGSUPPLY","A","2019",52.2594,
"CRI","RENEWABLE","TOT","PC_PRYENRGSUPPLY","A","2016",50.3923,
"CRI","RENEWABLE","TOT","PC_PRYENRGSUPPLY","A","2017",47.98487,
"CRI","RENEWABLE","TOT","PC_PRYENRGSUPPLY","A","2018",46.80227,
"CRI","RENEWABLE","TOT","PC_PRYENRGSUPPLY","A","2019",50.45916,
"CIV","RENEWABLE","TOT","PC_PRYENRGSUPPLY","A","2016",64.20081,
"CIV","RENEWABLE","TOT","PC_PRYENRGSUPPLY","A","2017",61.8485,
"CIV","RENEWABLE","TOT","PC_PRYENRGSUPPLY","A","2018",62.68168,
"HRV","RENEWABLE","TOT","PC_PRYENRGSUPPLY","A","2016",23.69704,
"HRV","RENEWABLE","TOT","PC_PRYENRGSUPPLY","A","2017",21.70099,
"HRV","RENEWABLE","TOT","PC_PRYENRGSUPPLY","A","2018",25.55097,
"HRV","RENEWABLE","TOT","PC_PRYENRGSUPPLY","A","2019",24.7228,
"CUB","RENEWABLE","TOT","PC_PRYENRGSUPPLY","A","2016",12.31649,
"CUB","RENEWABLE","TOT","PC_PRYENRGSUPPLY","A","2017",16.1533,
"CUB","RENEWABLE","TOT","PC_PRYENRGSUPPLY","A","2018",19.34134,
"CUB","RENEWABLE","TOT","PC_PRYENRGSUPPLY","A","2019",17.25282,
"CYP","RENEWABLE","TOT","PC_PRYENRGSUPPLY","A","2016",7.434226,
"CYP","RENEWABLE","TOT","PC_PRYENRGSUPPLY","A","2017",7.935569,
"CYP","RENEWABLE","TOT","PC_PRYENRGSUPPLY","A","2018",8.523254,
"CYP","RENEWABLE","TOT","PC_PRYENRGSUPPLY","A","2019",8.700669,
"COD","RENEWABLE","TOT","PC_PRYENRGSUPPLY","A","2016",97.89925,
"COD","RENEWABLE","TOT","PC_PRYENRGSUPPLY","A","2017",97.37576,
"COD","RENEWABLE","TOT","PC_PRYENRGSUPPLY","A","2018",97.62287,
"COD","RENEWABLE","TOT","PC_PRYENRGSUPPLY","A","2019",97.51147,
"DOM","RENEWABLE","TOT","PC_PRYENRGSUPPLY","A","2016",11.40389,
"DOM","RENEWABLE","TOT","PC_PRYENRGSUPPLY","A","2017",13.12301,
"DOM","RENEWABLE","TOT","PC_PRYENRGSUPPLY","A","2018",12.39925,
"DOM","RENEWABLE","TOT","PC_PRYENRGSUPPLY","A","2019",10.97671,
"ECU","RENEWABLE","TOT","PC_PRYENRGSUPPLY","A","2016",13.3937,
"ECU","RENEWABLE","TOT","PC_PRYENRGSUPPLY","A","2017",15.69591,
"ECU","RENEWABLE","TOT","PC_PRYENRGSUPPLY","A","2018",15.95599,
"ECU","RENEWABLE","TOT","PC_PRYENRGSUPPLY","A","2019",17.52407,
"EGY","RENEWABLE","TOT","PC_PRYENRGSUPPLY","A","2016",5.244061,
"EGY","RENEWABLE","TOT","PC_PRYENRGSUPPLY","A","2017",5.039236,
"EGY","RENEWABLE","TOT","PC_PRYENRGSUPPLY","A","2018",5.096243,
"EGY","RENEWABLE","TOT","PC_PRYENRGSUPPLY","A","2019",5.136552,
"SLV","RENEWABLE","TOT","PC_PRYENRGSUPPLY","A","2016",45.78315,
"SLV","RENEWABLE","TOT","PC_PRYENRGSUPPLY","A","2017",49.2648,
"SLV","RENEWABLE","TOT","PC_PRYENRGSUPPLY","A","2018",46.84055,
"SLV","RENEWABLE","TOT","PC_PRYENRGSUPPLY","A","2019",42.92729,
"ERI","RENEWABLE","TOT","PC_PRYENRGSUPPLY","A","2016",76.49116,
"ERI","RENEWABLE","TOT","PC_PRYENRGSUPPLY","A","2017",74.89398,
"ERI","RENEWABLE","TOT","PC_PRYENRGSUPPLY","A","2018",72.37273,
"ERI","RENEWABLE","TOT","PC_PRYENRGSUPPLY","A","2019",72.00795,
"EST","RENEWABLE","TOT","PC_PRYENRGSUPPLY","A","2016",16.6946,
"EST","RENEWABLE","TOT","PC_PRYENRGSUPPLY","A","2017",18.84282,
"EST","RENEWABLE","TOT","PC_PRYENRGSUPPLY","A","2018",18.75646,
"EST","RENEWABLE","TOT","PC_PRYENRGSUPPLY","A","2019",22.49364,
"EST","RENEWABLE","TOT","PC_PRYENRGSUPPLY","A","2020",39.3016,
"ETH","RENEWABLE","TOT","PC_PRYENRGSUPPLY","A","2016",91.39209,
"ETH","RENEWABLE","TOT","PC_PRYENRGSUPPLY","A","2017",90.89101,
"ETH","RENEWABLE","TOT","PC_PRYENRGSUPPLY","A","2018",90.72915,
"ETH","RENEWABLE","TOT","PC_PRYENRGSUPPLY","A","2019",89.55241,
"GAB","RENEWABLE","TOT","PC_PRYENRGSUPPLY","A","2016",73.71196,
"GAB","RENEWABLE","TOT","PC_PRYENRGSUPPLY","A","2017",76.62637,
"GAB","RENEWABLE","TOT","PC_PRYENRGSUPPLY","A","2018",76.63611,
"GAB","RENEWABLE","TOT","PC_PRYENRGSUPPLY","A","2019",80.8343,
"GEO","RENEWABLE","TOT","PC_PRYENRGSUPPLY","A","2016",24.95445,
"GEO","RENEWABLE","TOT","PC_PRYENRGSUPPLY","A","2017",24.18331,
"GEO","RENEWABLE","TOT","PC_PRYENRGSUPPLY","A","2018",23.7945,
"GEO","RENEWABLE","TOT","PC_PRYENRGSUPPLY","A","2019",20.42778,
"GHA","RENEWABLE","TOT","PC_PRYENRGSUPPLY","A","2016",42.98468,
"GHA","RENEWABLE","TOT","PC_PRYENRGSUPPLY","A","2017",45.95742,
"GHA","RENEWABLE","TOT","PC_PRYENRGSUPPLY","A","2018",43.88182,
"GHA","RENEWABLE","TOT","PC_PRYENRGSUPPLY","A","2019",43.32384,
"GHA","RENEWABLE","TOT","PC_PRYENRGSUPPLY","A","2020",40.83525,
"GTM","RENEWABLE","TOT","PC_PRYENRGSUPPLY","A","2016",63.36539,
"GTM","RENEWABLE","TOT","PC_PRYENRGSUPPLY","A","2017",65.38396,
"GTM","RENEWABLE","TOT","PC_PRYENRGSUPPLY","A","2018",63.43724,
"GTM","RENEWABLE","TOT","PC_PRYENRGSUPPLY","A","2019",62.07571,
"HTI","RENEWABLE","TOT","PC_PRYENRGSUPPLY","A","2016",77.18185,
"HTI","RENEWABLE","TOT","PC_PRYENRGSUPPLY","A","2017",76.75902,
"HTI","RENEWABLE","TOT","PC_PRYENRGSUPPLY","A","2018",75.36198,
"HTI","RENEWABLE","TOT","PC_PRYENRGSUPPLY","A","2019",77.59056,
"HND","RENEWABLE","TOT","PC_PRYENRGSUPPLY","A","2016",50.92419,
"HND","RENEWABLE","TOT","PC_PRYENRGSUPPLY","A","2017",47.20737,
"HND","RENEWABLE","TOT","PC_PRYENRGSUPPLY","A","2018",48.9213,
"HND","RENEWABLE","TOT","PC_PRYENRGSUPPLY","A","2019",47.53609,
"IND","RENEWABLE","TOT","PC_PRYENRGSUPPLY","A","2016",23.09663,
"IND","RENEWABLE","TOT","PC_PRYENRGSUPPLY","A","2017",23.16837,
"IND","RENEWABLE","TOT","PC_PRYENRGSUPPLY","A","2018",22.89957,
"IND","RENEWABLE","TOT","PC_PRYENRGSUPPLY","A","2019",23.13485,
"IDN","RENEWABLE","TOT","PC_PRYENRGSUPPLY","A","2016",27.19646,
"IDN","RENEWABLE","TOT","PC_PRYENRGSUPPLY","A","2017",26.79499,
"IDN","RENEWABLE","TOT","PC_PRYENRGSUPPLY","A","2018",25.55766,
"IDN","RENEWABLE","TOT","PC_PRYENRGSUPPLY","A","2019",23.87954,
"IRN","RENEWABLE","TOT","PC_PRYENRGSUPPLY","A","2016",0.7931027,
"IRN","RENEWABLE","TOT","PC_PRYENRGSUPPLY","A","2017",0.6904598,
"IRN","RENEWABLE","TOT","PC_PRYENRGSUPPLY","A","2018",0.7090362,
"IRN","RENEWABLE","TOT","PC_PRYENRGSUPPLY","A","2019",0.7174105,
"IRQ","RENEWABLE","TOT","PC_PRYENRGSUPPLY","A","2016",0.845666,
"IRQ","RENEWABLE","TOT","PC_PRYENRGSUPPLY","A","2017",0.5251764,
"IRQ","RENEWABLE","TOT","PC_PRYENRGSUPPLY","A","2018",0.3869388,
"IRQ","RENEWABLE","TOT","PC_PRYENRGSUPPLY","A","2019",0.3786544,
"ISR","RENEWABLE","TOT","PC_PRYENRGSUPPLY","A","2016",2.546405,
"ISR","RENEWABLE","TOT","PC_PRYENRGSUPPLY","A","2017",2.664162,
"ISR","RENEWABLE","TOT","PC_PRYENRGSUPPLY","A","2018",2.498675,
"ISR","RENEWABLE","TOT","PC_PRYENRGSUPPLY","A","2019",3.225809,
"ISR","RENEWABLE","TOT","PC_PRYENRGSUPPLY","A","2020",3.689166,
"JAM","RENEWABLE","TOT","PC_PRYENRGSUPPLY","A","2016",9.426422,
"JAM","RENEWABLE","TOT","PC_PRYENRGSUPPLY","A","2017",10.0926,
"JAM","RENEWABLE","TOT","PC_PRYENRGSUPPLY","A","2018",8.812523,
"JAM","RENEWABLE","TOT","PC_PRYENRGSUPPLY","A","2019",8.000472,
"JOR","RENEWABLE","TOT","PC_PRYENRGSUPPLY","A","2016",3.554935,
"JOR","RENEWABLE","TOT","PC_PRYENRGSUPPLY","A","2017",3.965215,
"JOR","RENEWABLE","TOT","PC_PRYENRGSUPPLY","A","2018",5.499798,
"JOR","RENEWABLE","TOT","PC_PRYENRGSUPPLY","A","2019",6.188914,
"KAZ","RENEWABLE","TOT","PC_PRYENRGSUPPLY","A","2016",1.79466,
"KAZ","RENEWABLE","TOT","PC_PRYENRGSUPPLY","A","2017",1.711251,
"KAZ","RENEWABLE","TOT","PC_PRYENRGSUPPLY","A","2018",1.404748,
"KAZ","RENEWABLE","TOT","PC_PRYENRGSUPPLY","A","2019",1.464465,
"KEN","RENEWABLE","TOT","PC_PRYENRGSUPPLY","A","2016",79.4785,
"KEN","RENEWABLE","TOT","PC_PRYENRGSUPPLY","A","2017",80.00185,
"KEN","RENEWABLE","TOT","PC_PRYENRGSUPPLY","A","2018",81.34528,
"KEN","RENEWABLE","TOT","PC_PRYENRGSUPPLY","A","2019",78.19263,
"KWT","RENEWABLE","TOT","PC_PRYENRGSUPPLY","A","2016",0.003416306,
"KWT","RENEWABLE","TOT","PC_PRYENRGSUPPLY","A","2017",0.009120331,
"KWT","RENEWABLE","TOT","PC_PRYENRGSUPPLY","A","2018",0.01415466,
"KWT","RENEWABLE","TOT","PC_PRYENRGSUPPLY","A","2019",0.07089603,
"KGZ","RENEWABLE","TOT","PC_PRYENRGSUPPLY","A","2016",25.64381,
"KGZ","RENEWABLE","TOT","PC_PRYENRGSUPPLY","A","2017",31.8042,
"KGZ","RENEWABLE","TOT","PC_PRYENRGSUPPLY","A","2018",27.06562,
"KGZ","RENEWABLE","TOT","PC_PRYENRGSUPPLY","A","2019",29.6807,
"LVA","RENEWABLE","TOT","PC_PRYENRGSUPPLY","A","2016",38.14344,
"LVA","RENEWABLE","TOT","PC_PRYENRGSUPPLY","A","2017",43.96154,
"LVA","RENEWABLE","TOT","PC_PRYENRGSUPPLY","A","2018",40.18667,
"LVA","RENEWABLE","TOT","PC_PRYENRGSUPPLY","A","2019",40.5943,
"LVA","RENEWABLE","TOT","PC_PRYENRGSUPPLY","A","2020",42.67778,
"LBN","RENEWABLE","TOT","PC_PRYENRGSUPPLY","A","2016",2.531677,
"LBN","RENEWABLE","TOT","PC_PRYENRGSUPPLY","A","2017",2.537917,
"LBN","RENEWABLE","TOT","PC_PRYENRGSUPPLY","A","2018",2.990649,
"LBN","RENEWABLE","TOT","PC_PRYENRGSUPPLY","A","2019",3.54603,
"LBY","RENEWABLE","TOT","PC_PRYENRGSUPPLY","A","2016",3.204432,
"LBY","RENEWABLE","TOT","PC_PRYENRGSUPPLY","A","2017",3.360253,
"LBY","RENEWABLE","TOT","PC_PRYENRGSUPPLY","A","2018",3.468098,
"LBY","RENEWABLE","TOT","PC_PRYENRGSUPPLY","A","2019",2.751644,
"LTU","RENEWABLE","TOT","PC_PRYENRGSUPPLY","A","2016",20.31654,
"LTU","RENEWABLE","TOT","PC_PRYENRGSUPPLY","A","2017",20.85995,
"LTU","RENEWABLE","TOT","PC_PRYENRGSUPPLY","A","2018",20.46159,
"LTU","RENEWABLE","TOT","PC_PRYENRGSUPPLY","A","2019",20.5354,
"LTU","RENEWABLE","TOT","PC_PRYENRGSUPPLY","A","2020",21.82594,
"MKD","RENEWABLE","TOT","PC_PRYENRGSUPPLY","A","2016",14.40868,
"MKD","RENEWABLE","TOT","PC_PRYENRGSUPPLY","A","2017",13.07774,
"MKD","RENEWABLE","TOT","PC_PRYENRGSUPPLY","A","2018",14.76389,
"MKD","RENEWABLE","TOT","PC_PRYENRGSUPPLY","A","2019",11.43127,
"MYS","RENEWABLE","TOT","PC_PRYENRGSUPPLY","A","2016",2.779333,
"MYS","RENEWABLE","TOT","PC_PRYENRGSUPPLY","A","2017",3.434255,
"MYS","RENEWABLE","TOT","PC_PRYENRGSUPPLY","A","2018",3.40997,
"MYS","RENEWABLE","TOT","PC_PRYENRGSUPPLY","A","2019",3.496448,
"MLT","RENEWABLE","TOT","PC_PRYENRGSUPPLY","A","2016",4.125262,
"MLT","RENEWABLE","TOT","PC_PRYENRGSUPPLY","A","2017",4.36015,
"MLT","RENEWABLE","TOT","PC_PRYENRGSUPPLY","A","2018",5.089772,
"MLT","RENEWABLE","TOT","PC_PRYENRGSUPPLY","A","2019",5.180963,
"MDA","RENEWABLE","TOT","PC_PRYENRGSUPPLY","A","2016",18.88439,
"MDA","RENEWABLE","TOT","PC_PRYENRGSUPPLY","A","2017",20.44324,
"MDA","RENEWABLE","TOT","PC_PRYENRGSUPPLY","A","2018",19.96497,
"MDA","RENEWABLE","TOT","PC_PRYENRGSUPPLY","A","2019",16.9873,
"MNG","RENEWABLE","TOT","PC_PRYENRGSUPPLY","A","2016",3.312684,
"MNG","RENEWABLE","TOT","PC_PRYENRGSUPPLY","A","2017",3.219627,
"MNG","RENEWABLE","TOT","PC_PRYENRGSUPPLY","A","2018",3.11379,
"MNG","RENEWABLE","TOT","PC_PRYENRGSUPPLY","A","2019",2.98457,
"MAR","RENEWABLE","TOT","PC_PRYENRGSUPPLY","A","2016",8.944104,
"MAR","RENEWABLE","TOT","PC_PRYENRGSUPPLY","A","2017",8.475563,
"MAR","RENEWABLE","TOT","PC_PRYENRGSUPPLY","A","2018",9.350944,
"MAR","RENEWABLE","TOT","PC_PRYENRGSUPPLY","A","2019",9.422457,
"MOZ","RENEWABLE","TOT","PC_PRYENRGSUPPLY","A","2016",80.18075,
"MOZ","RENEWABLE","TOT","PC_PRYENRGSUPPLY","A","2017",79.52884,
"MOZ","RENEWABLE","TOT","PC_PRYENRGSUPPLY","A","2018",79.19646,
"MOZ","RENEWABLE","TOT","PC_PRYENRGSUPPLY","A","2019",80.08387,
"MMR","RENEWABLE","TOT","PC_PRYENRGSUPPLY","A","2016",58.9226,
"MMR","RENEWABLE","TOT","PC_PRYENRGSUPPLY","A","2017",51.93957,
"MMR","RENEWABLE","TOT","PC_PRYENRGSUPPLY","A","2018",52.12304,
"MMR","RENEWABLE","TOT","PC_PRYENRGSUPPLY","A","2019",49.75706,
"NAM","RENEWABLE","TOT","PC_PRYENRGSUPPLY","A","2016",21.97004,
"NAM","RENEWABLE","TOT","PC_PRYENRGSUPPLY","A","2017",22.89639,
"NAM","RENEWABLE","TOT","PC_PRYENRGSUPPLY","A","2018",21.23879,
"NAM","RENEWABLE","TOT","PC_PRYENRGSUPPLY","A","2019",23.2392,
"NIC","RENEWABLE","TOT","PC_PRYENRGSUPPLY","A","2016",55.3608,
"NIC","RENEWABLE","TOT","PC_PRYENRGSUPPLY","A","2017",56.37852,
"NIC","RENEWABLE","TOT","PC_PRYENRGSUPPLY","A","2018",58.61217,
"NIC","RENEWABLE","TOT","PC_PRYENRGSUPPLY","A","2019",57.39995,
"NER","RENEWABLE","TOT","PC_PRYENRGSUPPLY","A","2016",75.01781,
"NER","RENEWABLE","TOT","PC_PRYENRGSUPPLY","A","2017",77.16901,
"NER","RENEWABLE","TOT","PC_PRYENRGSUPPLY","A","2018",76.61076,
"NER","RENEWABLE","TOT","PC_PRYENRGSUPPLY","A","2019",75.9369,
"NGA","RENEWABLE","TOT","PC_PRYENRGSUPPLY","A","2016",75.74533,
"NGA","RENEWABLE","TOT","PC_PRYENRGSUPPLY","A","2017",76.91483,
"NGA","RENEWABLE","TOT","PC_PRYENRGSUPPLY","A","2018",78.53642,
"NGA","RENEWABLE","TOT","PC_PRYENRGSUPPLY","A","2019",75.11013,
"OMN","RENEWABLE","TOT","PC_PRYENRGSUPPLY","A","2016",0.001409555,
"OMN","RENEWABLE","TOT","PC_PRYENRGSUPPLY","A","2017",0.001222747,
"OMN","RENEWABLE","TOT","PC_PRYENRGSUPPLY","A","2018",0.001362554,
"OMN","RENEWABLE","TOT","PC_PRYENRGSUPPLY","A","2019",0.001437531,
"PAK","RENEWABLE","TOT","PC_PRYENRGSUPPLY","A","2016",37.43644,
"PAK","RENEWABLE","TOT","PC_PRYENRGSUPPLY","A","2017",36.25954,
"PAK","RENEWABLE","TOT","PC_PRYENRGSUPPLY","A","2018",36.19846,
"PAK","RENEWABLE","TOT","PC_PRYENRGSUPPLY","A","2019",35.68252,
"PAN","RENEWABLE","TOT","PC_PRYENRGSUPPLY","A","2016",22.40816,
"PAN","RENEWABLE","TOT","PC_PRYENRGSUPPLY","A","2017",23.43615,
"PAN","RENEWABLE","TOT","PC_PRYENRGSUPPLY","A","2018",24.69499,
"PAN","RENEWABLE","TOT","PC_PRYENRGSUPPLY","A","2019",17.17112,
"PRY","RENEWABLE","TOT","PC_PRYENRGSUPPLY","A","2016",127.8555,
"PRY","RENEWABLE","TOT","PC_PRYENRGSUPPLY","A","2017",116.5707,
"PRY","RENEWABLE","TOT","PC_PRYENRGSUPPLY","A","2018",112.6751,
"PRY","RENEWABLE","TOT","PC_PRYENRGSUPPLY","A","2019",101.4959,
"PER","RENEWABLE","TOT","PC_PRYENRGSUPPLY","A","2016",24.47543,
"PER","RENEWABLE","TOT","PC_PRYENRGSUPPLY","A","2017",25.12598,
"PER","RENEWABLE","TOT","PC_PRYENRGSUPPLY","A","2018",25.07498,
"PER","RENEWABLE","TOT","PC_PRYENRGSUPPLY","A","2019",24.45862,
"PHL","RENEWABLE","TOT","PC_PRYENRGSUPPLY","A","2016",36.98726,
"PHL","RENEWABLE","TOT","PC_PRYENRGSUPPLY","A","2017",34.60419,
"PHL","RENEWABLE","TOT","PC_PRYENRGSUPPLY","A","2018",34.0177,
"PHL","RENEWABLE","TOT","PC_PRYENRGSUPPLY","A","2019",34.00914,
"QAT","RENEWABLE","TOT","PC_PRYENRGSUPPLY","A","2016",0.0288115,
"QAT","RENEWABLE","TOT","PC_PRYENRGSUPPLY","A","2017",0.02707411,
"QAT","RENEWABLE","TOT","PC_PRYENRGSUPPLY","A","2018",0.02035267,
"QAT","RENEWABLE","TOT","PC_PRYENRGSUPPLY","A","2019",0.01923134,
"ROU","RENEWABLE","TOT","PC_PRYENRGSUPPLY","A","2016",19.58844,
"ROU","RENEWABLE","TOT","PC_PRYENRGSUPPLY","A","2017",18.2145,
"ROU","RENEWABLE","TOT","PC_PRYENRGSUPPLY","A","2018",18.05551,
"ROU","RENEWABLE","TOT","PC_PRYENRGSUPPLY","A","2019",18.25547,
"RUS","RENEWABLE","TOT","PC_PRYENRGSUPPLY","A","2016",2.657944,
"RUS","RENEWABLE","TOT","PC_PRYENRGSUPPLY","A","2017",2.583376,
"RUS","RENEWABLE","TOT","PC_PRYENRGSUPPLY","A","2018",2.512558,
"RUS","RENEWABLE","TOT","PC_PRYENRGSUPPLY","A","2019",2.580188,
"RUS","RENEWABLE","TOT","PC_PRYENRGSUPPLY","A","2020",2.887775,
"SAU","RENEWABLE","TOT","PC_PRYENRGSUPPLY","A","2016",0.008643851,
"SAU","RENEWABLE","TOT","PC_PRYENRGSUPPLY","A","2017",0.009529154,
"SAU","RENEWABLE","TOT","PC_PRYENRGSUPPLY","A","2018",0.0098257,
"SAU","RENEWABLE","TOT","PC_PRYENRGSUPPLY","A","2019",0.02095274,
"SEN","RENEWABLE","TOT","PC_PRYENRGSUPPLY","A","2016",35.78398,
"SEN","RENEWABLE","TOT","PC_PRYENRGSUPPLY","A","2017",37.64933,
"SEN","RENEWABLE","TOT","PC_PRYENRGSUPPLY","A","2018",37.49901,
"SEN","RENEWABLE","TOT","PC_PRYENRGSUPPLY","A","2019",36.87059,
"SGP","RENEWABLE","TOT","PC_PRYENRGSUPPLY","A","2016",1.26098,
"SGP","RENEWABLE","TOT","PC_PRYENRGSUPPLY","A","2017",1.123753,
"SGP","RENEWABLE","TOT","PC_PRYENRGSUPPLY","A","2018",1.183776,
"SGP","RENEWABLE","TOT","PC_PRYENRGSUPPLY","A","2019",1.190471,
"SVN","RENEWABLE","TOT","PC_PRYENRGSUPPLY","A","2016",16.67289,
"SVN","RENEWABLE","TOT","PC_PRYENRGSUPPLY","A","2017",15.19882,
"SVN","RENEWABLE","TOT","PC_PRYENRGSUPPLY","A","2018",16.09406,
"SVN","RENEWABLE","TOT","PC_PRYENRGSUPPLY","A","2019",16.21807,
"SVN","RENEWABLE","TOT","PC_PRYENRGSUPPLY","A","2020",18.50654,
"ZAF","RENEWABLE","TOT","PC_PRYENRGSUPPLY","A","2016",6.340517,
"ZAF","RENEWABLE","TOT","PC_PRYENRGSUPPLY","A","2017",6.62743,
"ZAF","RENEWABLE","TOT","PC_PRYENRGSUPPLY","A","2018",6.666344,
"ZAF","RENEWABLE","TOT","PC_PRYENRGSUPPLY","A","2019",6.586925,
"LKA","RENEWABLE","TOT","PC_PRYENRGSUPPLY","A","2016",42.84304,
"LKA","RENEWABLE","TOT","PC_PRYENRGSUPPLY","A","2017",42.74303,
"LKA","RENEWABLE","TOT","PC_PRYENRGSUPPLY","A","2018",44.64157,
"LKA","RENEWABLE","TOT","PC_PRYENRGSUPPLY","A","2019",43.11338,
"SDN","RENEWABLE","TOT","PC_PRYENRGSUPPLY","A","2016",64.04788,
"SDN","RENEWABLE","TOT","PC_PRYENRGSUPPLY","A","2017",64.99647,
"SDN","RENEWABLE","TOT","PC_PRYENRGSUPPLY","A","2018",65.13526,
"SDN","RENEWABLE","TOT","PC_PRYENRGSUPPLY","A","2019",65.26933,
"SYR","RENEWABLE","TOT","PC_PRYENRGSUPPLY","A","2016",0.861506,
"SYR","RENEWABLE","TOT","PC_PRYENRGSUPPLY","A","2017",0.6617103,
"SYR","RENEWABLE","TOT","PC_PRYENRGSUPPLY","A","2018",0.7118988,
"SYR","RENEWABLE","TOT","PC_PRYENRGSUPPLY","A","2019",0.7780287,
"TJK","RENEWABLE","TOT","PC_PRYENRGSUPPLY","A","2016",46.2472,
"TJK","RENEWABLE","TOT","PC_PRYENRGSUPPLY","A","2017",45.39605,
"TJK","RENEWABLE","TOT","PC_PRYENRGSUPPLY","A","2018",45.02194,
"TJK","RENEWABLE","TOT","PC_PRYENRGSUPPLY","A","2019",42.69888,
"TZA","RENEWABLE","TOT","PC_PRYENRGSUPPLY","A","2016",84.64712,
"TZA","RENEWABLE","TOT","PC_PRYENRGSUPPLY","A","2017",84.35101,
"TZA","RENEWABLE","TOT","PC_PRYENRGSUPPLY","A","2018",84.27961,
"TZA","RENEWABLE","TOT","PC_PRYENRGSUPPLY","A","2019",83.57964,
"THA","RENEWABLE","TOT","PC_PRYENRGSUPPLY","A","2016",20.81533,
"THA","RENEWABLE","TOT","PC_PRYENRGSUPPLY","A","2017",19.72035,
"THA","RENEWABLE","TOT","PC_PRYENRGSUPPLY","A","2018",19.91524,
"THA","RENEWABLE","TOT","PC_PRYENRGSUPPLY","A","2019",20.65935,
"TGO","RENEWABLE","TOT","PC_PRYENRGSUPPLY","A","2016",83.26063,
"TGO","RENEWABLE","TOT","PC_PRYENRGSUPPLY","A","2017",83.839,
"TGO","RENEWABLE","TOT","PC_PRYENRGSUPPLY","A","2018",82.32565,
"TGO","RENEWABLE","TOT","PC_PRYENRGSUPPLY","A","2019",83.14881,
"TTO","RENEWABLE","TOT","PC_PRYENRGSUPPLY","A","2016",0.08308809,
"TTO","RENEWABLE","TOT","PC_PRYENRGSUPPLY","A","2017",0.08169469,
"TTO","RENEWABLE","TOT","PC_PRYENRGSUPPLY","A","2018",0.08010959,
"TTO","RENEWABLE","TOT","PC_PRYENRGSUPPLY","A","2019",0.07811184,
"TUN","RENEWABLE","TOT","PC_PRYENRGSUPPLY","A","2016",10.7532,
"TUN","RENEWABLE","TOT","PC_PRYENRGSUPPLY","A","2017",10.44952,
"TUN","RENEWABLE","TOT","PC_PRYENRGSUPPLY","A","2018",10.50633,
"TUN","RENEWABLE","TOT","PC_PRYENRGSUPPLY","A","2019",10.88966,
"TKM","RENEWABLE","TOT","PC_PRYENRGSUPPLY","A","2016",0.03504227,
"TKM","RENEWABLE","TOT","PC_PRYENRGSUPPLY","A","2017",0.03662294,
"TKM","RENEWABLE","TOT","PC_PRYENRGSUPPLY","A","2018",0.03656177,
"TKM","RENEWABLE","TOT","PC_PRYENRGSUPPLY","A","2019",0.03560736,
"UKR","RENEWABLE","TOT","PC_PRYENRGSUPPLY","A","2016",3.949236,
"UKR","RENEWABLE","TOT","PC_PRYENRGSUPPLY","A","2017",4.367874,
"UKR","RENEWABLE","TOT","PC_PRYENRGSUPPLY","A","2018",4.599983,
"UKR","RENEWABLE","TOT","PC_PRYENRGSUPPLY","A","2019",4.850639,
"ARE","RENEWABLE","TOT","PC_PRYENRGSUPPLY","A","2016",0.1319949,
"ARE","RENEWABLE","TOT","PC_PRYENRGSUPPLY","A","2017",0.2207922,
"ARE","RENEWABLE","TOT","PC_PRYENRGSUPPLY","A","2018",0.3112772,
"ARE","RENEWABLE","TOT","PC_PRYENRGSUPPLY","A","2019",0.7774897,
"URY","RENEWABLE","TOT","PC_PRYENRGSUPPLY","A","2016",58.78286,
"URY","RENEWABLE","TOT","PC_PRYENRGSUPPLY","A","2017",62.45932,
"URY","RENEWABLE","TOT","PC_PRYENRGSUPPLY","A","2018",60.47992,
"URY","RENEWABLE","TOT","PC_PRYENRGSUPPLY","A","2019",63.35074,
"URY","RENEWABLE","TOT","PC_PRYENRGSUPPLY","A","2020",58.6464,
"UZB","RENEWABLE","TOT","PC_PRYENRGSUPPLY","A","2016",1.572601,
"UZB","RENEWABLE","TOT","PC_PRYENRGSUPPLY","A","2017",1.727145,
"UZB","RENEWABLE","TOT","PC_PRYENRGSUPPLY","A","2018",1.062553,
"UZB","RENEWABLE","TOT","PC_PRYENRGSUPPLY","A","2019",1.189205,
"VEN","RENEWABLE","TOT","PC_PRYENRGSUPPLY","A","2016",10.3298,
"VEN","RENEWABLE","TOT","PC_PRYENRGSUPPLY","A","2017",10.37543,
"VEN","RENEWABLE","TOT","PC_PRYENRGSUPPLY","A","2018",13.55658,
"VEN","RENEWABLE","TOT","PC_PRYENRGSUPPLY","A","2019",13.9286,
"VNM","RENEWABLE","TOT","PC_PRYENRGSUPPLY","A","2016",17.99423,
"VNM","RENEWABLE","TOT","PC_PRYENRGSUPPLY","A","2017",20.76019,
"VNM","RENEWABLE","TOT","PC_PRYENRGSUPPLY","A","2018",18.48077,
"VNM","RENEWABLE","TOT","PC_PRYENRGSUPPLY","A","2019",15.81661,
"YEM","RENEWABLE","TOT","PC_PRYENRGSUPPLY","A","2016",4.162115,
"YEM","RENEWABLE","TOT","PC_PRYENRGSUPPLY","A","2017",4.39129,
"YEM","RENEWABLE","TOT","PC_PRYENRGSUPPLY","A","2018",5.248347,
"YEM","RENEWABLE","TOT","PC_PRYENRGSUPPLY","A","2019",4.117102,
"ZMB","RENEWABLE","TOT","PC_PRYENRGSUPPLY","A","2016",82.41341,
"ZMB","RENEWABLE","TOT","PC_PRYENRGSUPPLY","A","2017",81.15386,
"ZMB","RENEWABLE","TOT","PC_PRYENRGSUPPLY","A","2018",81.25466,
"ZMB","RENEWABLE","TOT","PC_PRYENRGSUPPLY","A","2019",83.36249,
"ZWE","RENEWABLE","TOT","PC_PRYENRGSUPPLY","A","2016",70.84864,
"ZWE","RENEWABLE","TOT","PC_PRYENRGSUPPLY","A","2017",72.92818,
"ZWE","RENEWABLE","TOT","PC_PRYENRGSUPPLY","A","2018",70.14179,
"ZWE","RENEWABLE","TOT","PC_PRYENRGSUPPLY","A","2019",71.39626,
"WLD","RENEWABLE","TOT","PC_PRYENRGSUPPLY","A","2016",13.21066,
"WLD","RENEWABLE","TOT","PC_PRYENRGSUPPLY","A","2017",13.3855,
"WLD","RENEWABLE","TOT","PC_PRYENRGSUPPLY","A","2018",13.52348,
"WLD","RENEWABLE","TOT","PC_PRYENRGSUPPLY","A","2019",13.76586,
"SRB","RENEWABLE","TOT","PC_PRYENRGSUPPLY","A","2016",13.08807,
"SRB","RENEWABLE","TOT","PC_PRYENRGSUPPLY","A","2017",12.06106,
"SRB","RENEWABLE","TOT","PC_PRYENRGSUPPLY","A","2018",13.14502,
"SRB","RENEWABLE","TOT","PC_PRYENRGSUPPLY","A","2019",13.33234,
"MNE","RENEWABLE","TOT","PC_PRYENRGSUPPLY","A","2016",33.51187,
"MNE","RENEWABLE","TOT","PC_PRYENRGSUPPLY","A","2017",25.57628,
"MNE","RENEWABLE","TOT","PC_PRYENRGSUPPLY","A","2018",32.78355,
"MNE","RENEWABLE","TOT","PC_PRYENRGSUPPLY","A","2019",28.70125,
"G20","RENEWABLE","TOT","PC_PRYENRGSUPPLY","A","2016",10.91425,
"G20","RENEWABLE","TOT","PC_PRYENRGSUPPLY","A","2017",11.18074,
"G20","RENEWABLE","TOT","PC_PRYENRGSUPPLY","A","2018",11.3789,
"G20","RENEWABLE","TOT","PC_PRYENRGSUPPLY","A","2019",11.70452,
"EU28","RENEWABLE","TOT","PC_PRYENRGSUPPLY","A","2016",13.52594,
"EU28","RENEWABLE","TOT","PC_PRYENRGSUPPLY","A","2017",13.69057,
"EU28","RENEWABLE","TOT","PC_PRYENRGSUPPLY","A","2018",14.3208,
"EU28","RENEWABLE","TOT","PC_PRYENRGSUPPLY","A","2019",15.12914,
"OECD","RENEWABLE","TOT","PC_PRYENRGSUPPLY","A","2016",9.975285,
"OECD","RENEWABLE","TOT","PC_PRYENRGSUPPLY","A","2017",10.2958,
"OECD","RENEWABLE","TOT","PC_PRYENRGSUPPLY","A","2018",10.55336,
"OECD","RENEWABLE","TOT","PC_PRYENRGSUPPLY","A","2019",10.95346,
"LAO","RENEWABLE","TOT","PC_PRYENRGSUPPLY","A","2016",60.04681,
"LAO","RENEWABLE","TOT","PC_PRYENRGSUPPLY","A","2017",58.75325,
"LAO","RENEWABLE","TOT","PC_PRYENRGSUPPLY","A","2018",61.56171,
"LAO","RENEWABLE","TOT","PC_PRYENRGSUPPLY","A","2019",58.43959,
"G7M","RENEWABLE","TOT","PC_PRYENRGSUPPLY","A","2016",8.759305,
"G7M","RENEWABLE","TOT","PC_PRYENRGSUPPLY","A","2017",9.125314,
"G7M","RENEWABLE","TOT","PC_PRYENRGSUPPLY","A","2018",9.422976,
"G7M","RENEWABLE","TOT","PC_PRYENRGSUPPLY","A","2019",9.712388,
"G7M","RENEWABLE","TOT","PC_PRYENRGSUPPLY","A","2020",10.51659,
"GNQ","RENEWABLE","TOT","PC_PRYENRGSUPPLY","A","2016",4.306585,
"GNQ","RENEWABLE","TOT","PC_PRYENRGSUPPLY","A","2017",4.612594,
"GNQ","RENEWABLE","TOT","PC_PRYENRGSUPPLY","A","2018",4.544288,
"GNQ","RENEWABLE","TOT","PC_PRYENRGSUPPLY","A","2019",6.05791,
"MUS","RENEWABLE","TOT","PC_PRYENRGSUPPLY","A","2016",16.09371,
"MUS","RENEWABLE","TOT","PC_PRYENRGSUPPLY","A","2017",14.979,
"MUS","RENEWABLE","TOT","PC_PRYENRGSUPPLY","A","2018",14.45482,
"MUS","RENEWABLE","TOT","PC_PRYENRGSUPPLY","A","2019",14.1517,
"MUS","RENEWABLE","TOT","PC_PRYENRGSUPPLY","A","2020",14.06002,
"OECDE","RENEWABLE","TOT","PC_PRYENRGSUPPLY","A","2016",14.23932,
"OECDE","RENEWABLE","TOT","PC_PRYENRGSUPPLY","A","2017",14.39195,
"OECDE","RENEWABLE","TOT","PC_PRYENRGSUPPLY","A","2018",15.03668,
"OECDE","RENEWABLE","TOT","PC_PRYENRGSUPPLY","A","2019",16.00806,
"OECDE","RENEWABLE","TOT","PC_PRYENRGSUPPLY","A","2020",17.67336,
"EA19","RENEWABLE","TOT","PC_PRYENRGSUPPLY","A","2016",13.39733,
"EA19","RENEWABLE","TOT","PC_PRYENRGSUPPLY","A","2017",13.44146,
"EA19","RENEWABLE","TOT","PC_PRYENRGSUPPLY","A","2018",14.19713,
"EA19","RENEWABLE","TOT","PC_PRYENRGSUPPLY","A","2019",14.84373,
