country,technology,jobs (thousands),source,notes,year
Albania,All technologies,12.322,,,2020
Albania,Biogas,,,,2020
Albania,CSP,,,,2020
Albania,Geothermal Energy,,,,2020
Albania,Hydropower,11.967,IRENA estimate,Based on employment factors and capacity and manufactruing data.,2020
Albania,Liquid Biofuels,,,,2020
Albania,Municipal and industrial waste,,,,2020
Albania,Others,,,,2020
Albania,Solar Heating / Cooling,0.3,IRENA estimate,Based on employment factors and capacity data,2020
Albania,Solar Photovoltaic,0.055,IRENA estimate,,2020
Albania,Solid Biomass,,,,2020
Albania,Wind Energy,,,,2020
Algeria,All technologies,2.348,,,2020
Algeria,Biogas,,,,2020
Algeria,CSP,,,,2020
Algeria,Geothermal Energy,,,,2020
Algeria,Hydropower,,,,2020
Algeria,Liquid Biofuels,,,,2020
Algeria,Municipal and industrial waste,,,,2020
Algeria,Others,1.848,Elmoudjahid (2016); SKTM (2016); Condor (2016),"These are people employed in CDER, SKTM and Condor ",2020
Algeria,Solar Heating / Cooling,,,,2020
Algeria,Solar Photovoltaic,0.5,IRENA estimate,IRENA estimate based on data from Renewable Energy Development Centre (CDER),2020
Algeria,Solid Biomass,,,,2020
Algeria,"Tide, Wave and Ocean Energy",,,,2020
Algeria,Wind Energy,,,,2020
All World,All technologies,12018.04138,,,2020
All World,Biogas,339.155,,,2020
All World,CSP,31.945,,,2020
All World,Geothermal Energy,96.144,,,2020
All World,Hydropower,2181.595,,,2020
All World,Liquid Biofuels,2410.862,,,2020
All World,Municipal and industrial waste,39.221,,,2020
All World,Others,104.116,,,2020
All World,Solar Heating / Cooling,819.3753828,,,2020
All World,Solar Photovoltaic,3975.096,,,2020
All World,Solid Biomass,765.038,,,2020
All World,"Tide, Wave and Ocean Energy",1.288,,,2020
All World,Wind Energy,1254.206,,,2020
Angola,All technologies,3.514,,,2020
Angola,Biogas,,,,2020
Angola,CSP,,,,2020
Angola,Geothermal Energy,,,,2020
Angola,Hydropower,3.514,IRENA estimate,Based on employment factors and capacity and manufactruing data.,2020
Angola,Liquid Biofuels,,,,2020
Angola,Municipal and industrial waste,,,,2020
Angola,Others,,,,2020
Angola,Solar Heating / Cooling,,,,2020
Angola,Solar Photovoltaic,,,,2020
Angola,Solid Biomass,,,,2020
Angola,"Tide, Wave and Ocean Energy",,,,2020
Angola,Wind Energy,,,,2020
Argentina,All technologies,29.413,,,2020
Argentina,Biogas,0.37,IRENA focal point,,2020
Argentina,CSP,,,,2020
Argentina,Geothermal Energy,,,,2020
Argentina,Hydropower,23.483,IRENA estimate,Based on employment factors and capacity and manufactruing data.,2020
Argentina,Liquid Biofuels,0,IRENA focal point,,2020
Argentina,Municipal and industrial waste,,,,2020
Argentina,Others,,,,2020
Argentina,Solar Heating / Cooling,0,IRENA focal point,,2020
Argentina,Solar Photovoltaic,2.19,IRENA focal point,,2020
Argentina,Solid Biomass,1.69,,,2020
Argentina,"Tide, Wave and Ocean Energy",,,,2020
Argentina,Wind Energy,1.68,IRENA focal point,,2020
Australia,All technologies,67.788,,,2020
Australia,Biogas,,,,2020
Australia,CSP,,,,2020
Australia,Geothermal Energy,0.04,ABS (2020),,2020
Australia,Hydropower,2.048,IRENA estimate,Based on employment factors and capacity and manufactruing data.,2020
Australia,Liquid Biofuels,,,,2020
Australia,Municipal and industrial waste,,,,2020
Australia,Others,1.12,ABS (2020),Government jobs,2020
Australia,Solar Heating / Cooling,4.2,IRENA estimate,Based on employment factors and capacity data,2020
Australia,Solar Photovoltaic,46.4,IRENA estimate,"Around 30,150 in distributed / rooftop",2020
Australia,Solid Biomass,1.58,ABS (2020),,2020
Australia,"Tide, Wave and Ocean Energy",,,,2020
Australia,Wind Energy,12.4,IRENA estimate,,2020
Austria,All technologies,30.546,,,2020
Austria,Biogas,0.4,EurObserv'ER (2020),,2020
Austria,CSP,,,,2020
Austria,Geothermal Energy,0.847,EurObserv'ER (2020),,2020
Austria,Hydropower,9.999,IRENA estimate,Based on employment factors and capacity and manufactruing data.,2020
Austria,Liquid Biofuels,2.1,EurObserv'ER (2020),,2020
Austria,Municipal and industrial waste,0.2,EurObserv'ER (2020),,2020
Austria,Others,,,,2020
Austria,Solar Heating / Cooling,1.8,EurObserv'ER (2020),,2020
Austria,Solar Photovoltaic,3.9,IRENA estimate,,2020
Austria,Solid Biomass,10.1,EurObserv'ER (2020),,2020
Austria,"Tide, Wave and Ocean Energy",,,,2020
Austria,Wind Energy,1.2,IRENA estimate,,2020
Azerbaijan,All technologies,3.441,,,2020
Azerbaijan,Biogas,,,,2020
Azerbaijan,CSP,,,,2020
Azerbaijan,Geothermal Energy,,,,2020
Azerbaijan,Hydropower,3.441,IRENA estimate,Based on employment factors and capacity and manufactruing data.,2020
Azerbaijan,Liquid Biofuels,,,,2020
Azerbaijan,Municipal and industrial waste,,,,2020
Azerbaijan,Others,,,,2020
Azerbaijan,Solar Heating / Cooling,,,,2020
Azerbaijan,Solar Photovoltaic,,,,2020
Azerbaijan,Solid Biomass,,,,2020
Azerbaijan,"Tide, Wave and Ocean Energy",,,,2020
Azerbaijan,Wind Energy,,,,2020
Bangladesh,All technologies,127.6,,,2020
Bangladesh,Biogas,12,IRENA focal point,,2020
Bangladesh,CSP,,,,2020
Bangladesh,Geothermal Energy,,,,2020
Bangladesh,Hydropower,2.5,IRENA focal point,,2020
Bangladesh,Liquid Biofuels,,,,2020
Bangladesh,Municipal and industrial waste,,,,2020
Bangladesh,Others,3,IRENA focal point,,2020
Bangladesh,Solar Heating / Cooling,,,,2020
Bangladesh,Solar Photovoltaic,110,IRENA estimate,Based on installation trends,2020
Bangladesh,Solid Biomass,,,,2020
Bangladesh,"Tide, Wave and Ocean Energy",,,,2020
Bangladesh,Wind Energy,0.1,IRENA Estimate,,2020
Barbados,All technologies,0.14,,,2020
Barbados,Biogas,,,,2020
Barbados,CSP,,,,2020
Barbados,Geothermal Energy,,,,2020
Barbados,Hydropower,,,,2020
Barbados,Liquid Biofuels,,,,2020
Barbados,Municipal and industrial waste,,,,2020
Barbados,Others,,,,2020
Barbados,Solar Heating / Cooling,0.14,IRENA estimate,Based on employment factors and capacity data,2020
Barbados,Solar Photovoltaic,,,,2020
Barbados,Solid Biomass,,,,2020
Barbados,"Tide, Wave and Ocean Energy",,,,2020
Barbados,Wind Energy,,,,2020
Belarus,All technologies,0.34,,,2020
Belarus,Biogas,,,,2020
Belarus,CSP,,,,2020
Belarus,Geothermal Energy,,,,2020
Belarus,Hydropower,,,,2020
Belarus,Liquid Biofuels,,,,2020
Belarus,Municipal and industrial waste,,,,2020
Belarus,Others,,,,2020
Belarus,Solar Heating / Cooling,,,,2020
Belarus,Solar Photovoltaic,0.1,IRENA estimate,,2020
Belarus,Solid Biomass,,,,2020
Belarus,Wind Energy,0.24,IRENA estimate,,2020
Belgium,All technologies,22.574,,,2020
Belgium,Biogas,0.4,EurObserv'ER (2020),,2020
Belgium,CSP,,,,2020
Belgium,Geothermal Energy,0.174,EurObserv'ER (2020),,2020
Belgium,Hydropower,0.4,EurObserv'ER (2020),,2020
Belgium,Liquid Biofuels,1.1,EurObserv'ER (2020),,2020
Belgium,Municipal and industrial waste,0.6,EurObserv'ER (2020),,2020
Belgium,Others,,,,2020
Belgium,Solar Heating / Cooling,0.1,EurObserv'ER (2020),,2020
Belgium,Solar Photovoltaic,6.6,IRENA estimate,,2020
Belgium,Solid Biomass,1.5,EurObserv'ER (2020),,2020
Belgium,"Tide, Wave and Ocean Energy",,,,2020
Belgium,Wind Energy,11.7,,,2020
Bosnia and Herzegovina,All technologies,,,,2020
Bosnia and Herzegovina,Biogas,,,,2020
Bosnia and Herzegovina,CSP,,,,2020
Bosnia and Herzegovina,Geothermal Energy,,,,2020
Bosnia and Herzegovina,Hydropower,,,,2020
Bosnia and Herzegovina,Liquid Biofuels,,,,2020
Bosnia and Herzegovina,Municipal and industrial waste,,,,2020
Bosnia and Herzegovina,Others,,,,2020
Bosnia and Herzegovina,Solar Heating / Cooling,,,,2020
Bosnia and Herzegovina,Solar Photovoltaic,,,,2020
Bosnia and Herzegovina,Solid Biomass,,,,2020
Bosnia and Herzegovina,Wind Energy,,,,2020
Botswana,All technologies,0.1,,,2020
Botswana,Biogas,,,,2020
Botswana,CSP,,,,2020
Botswana,Geothermal Energy,,,,2020
Botswana,Hydropower,,,,2020
Botswana,Liquid Biofuels,,,,2020
Botswana,Municipal and industrial waste,,,,2020
Botswana,Others,,,,2020
Botswana,Solar Heating / Cooling,0.1,IRENA estimate,Based on employment factors and capacity data,2020
Botswana,Solar Photovoltaic,,,,2020
Botswana,Solid Biomass,,,,2020
Botswana,"Tide, Wave and Ocean Energy",,,,2020
Botswana,Wind Energy,,,,2020
Brazil,All technologies,1202.224,,,2020
Brazil,Biogas,,,,2020
Brazil,CSP,,,,2020
Brazil,Geothermal Energy,,,,2020
Brazil,Hydropower,175.82,IRENA estimate,Based on employment factors and capacity and manufactruing data.,2020
Brazil,Liquid Biofuels,871,IRENA estimate,"180,600 jobs in sugarcane cultivation, 166,700 in ethanol processing in 2019. 200,000 indirect jobs in equipment manufacturing, and 323,800 jobs in biodiesel in 2020.",2020
Brazil,Municipal and industrial waste,,,,2020
Brazil,Others,,,,2020
Brazil,Solar Heating / Cooling,47.2,IRENA estimate,Based on employment factors and capacity data,2020
Brazil,Solar Photovoltaic,68,IRENA estimate,Based on employment factors and capacity data,2020
Brazil,Solid Biomass,,,,2020
Brazil,"Tide, Wave and Ocean Energy",,,,2020
Brazil,Wind Energy,40.204,IRENA estimate,,2020
Bulgaria,All technologies,43.719,,,2020
Bulgaria,Biogas,1,EurObserv'ER (2020),,2020
Bulgaria,CSP,,,,2020
Bulgaria,Geothermal Energy,0.213,EurObserv'ER (2020),,2020
Bulgaria,Hydropower,5.086,IRENA estimate,Based on employment factors and capacity and manufactruing data.,2020
Bulgaria,Liquid Biofuels,7.5,,,2020
Bulgaria,Municipal and industrial waste,0.1,EurObserv'ER (2020),,2020
Bulgaria,Others,,,,2020
Bulgaria,Solar Heating / Cooling,1.3,EurObserv'ER (2020),,2020
Bulgaria,Solar Photovoltaic,0.98,IRENA estimate,,2020
Bulgaria,Solid Biomass,27,EurObserv'ER (2020),,2020
Bulgaria,"Tide, Wave and Ocean Energy",,,,2020
Bulgaria,Wind Energy,0.54,IRENA estimate,,2020
Burkina Faso,All technologies,0.1,,,2020
Burkina Faso,Biogas,,,,2020
Burkina Faso,CSP,,,,2020
Burkina Faso,Geothermal Energy,,,,2020
Burkina Faso,Hydropower,,,,2020
Burkina Faso,Liquid Biofuels,,,,2020
Burkina Faso,Municipal and industrial waste,,,,2020
Burkina Faso,Others,,,,2020
Burkina Faso,Solar Heating / Cooling,0.1,,Based on employment factors and capacity data,2020
Burkina Faso,Solar Photovoltaic,,,,2020
Burkina Faso,Solid Biomass,,,,2020
Burkina Faso,"Tide, Wave and Ocean Energy",,,,2020
Burkina Faso,Wind Energy,,,,2020
Cambodia,All technologies,17.021,,,2020
Cambodia,Biogas,,,,2020
Cambodia,CSP,,,,2020
Cambodia,Geothermal Energy,,,,2020
Cambodia,Hydropower,17.021,IRENA estimate,Based on employment factors and capacity and manufactruing data.,2020
Cambodia,Liquid Biofuels,,,,2020
Cambodia,Municipal and industrial waste,,,,2020
Cambodia,Others,,,,2020
Cambodia,Solar Heating / Cooling,,,,2020
Cambodia,Solar Photovoltaic,,,,2020
Cambodia,Solid Biomass,,,,2020
Cambodia,"Tide, Wave and Ocean Energy",,,,2020
Cambodia,Wind Energy,,,,2020
Canada,All technologies,79.87,,,2020
Canada,Biogas,,,,2020
Canada,CSP,,,,2020
Canada,Geothermal Energy,0.13,Natural Resources Canada (2021),Direct Jobs only.,2020
Canada,Hydropower,48.79,Natural Resources Canada (2021),"33,260 direct, 15,530 indirect, 16,340 induced",2020
Canada,Liquid Biofuels,13.03,Natural Resources Canada (2021),1.59k direct and 11.44k indirect,2020
Canada,Municipal and industrial waste,,,,2020
Canada,Others,,,,2020
Canada,Solar Heating / Cooling,0.03,Natural Resources Canada (2021),Solar thermal (may include CSP),2020
Canada,Solar Photovoltaic,3.03,Natural Resources Canada (2021),2.9k direct and 0.1k indirect,2020
Canada,Solid Biomass,2.82,Natural Resources Canada (2021),Direct Jobs only.,2020
Canada,"Tide, Wave and Ocean Energy",,,,2020
Canada,Wind Energy,12.04,Natural Resources Canada (2021),1.04k direct and 11k indirect,2020
Chile,All technologies,27.422,,,2020
Chile,Biogas,0,IRENA focal point,,2020
Chile,CSP,1.542,"Ministry of Energy, Chile; River Consultores (2016); Corporación de Bienes de Capital (2017)",,2020
Chile,Geothermal Energy,0.4,IRENA estimate,,2020
Chile,Hydropower,10.3,IRENA estimate,Based on employment factors and capacity and manufactruing data.,2020
Chile,Liquid Biofuels,,,,2020
Chile,Municipal and industrial waste,,,,2020
Chile,Others,,,,2020
Chile,Solar Heating / Cooling,0.25,IRENA estimate,Based on employment factors and capacity data,2020
Chile,Solar Photovoltaic,7.1,IRENA estimate,Based on employment factors and capacity data,2020
Chile,Solid Biomass,0.33,"Ministry of Energy, Chile; River Consultores (2016); Corporación de Bienes de Capital (2017) (estimates for constructing new plants planned for 2018 plus O&M from previous plants)",,2020
Chile,"Tide, Wave and Ocean Energy",0,IRENA focal point,,2020
Chile,Wind Energy,7.5,IRENA estimate,Based on employment factors and capacity data,2020
China,All technologies,4731.574,,,2020
China,Biogas,145,CNREC (2020),,2020
China,CSP,11,CNREC (2020),,2020
China,Geothermal Energy,3,CNREC (2020),,2020
China,Hydropower,813.574,IRENA estimate,Based on employment factors and capacity and manufactruing data.,2020
China,Liquid Biofuels,51,CNREC (2020),,2020
China,Municipal and industrial waste,,,,2020
China,Others,,,,2020
China,Solar Heating / Cooling,670,CNREC (2020),,2020
China,Solar Photovoltaic,2300,ERI (2021),,2020
China,Solid Biomass,188,CNREC (2020),,2020
China,"Tide, Wave and Ocean Energy",,,,2020
China,Wind Energy,550,ERI (2021),,2020
Chinese Taipei,All technologies,21.705,,,2020
Chinese Taipei,Biogas,,,,2020
Chinese Taipei,CSP,,,,2020
Chinese Taipei,Geothermal Energy,,,,2020
Chinese Taipei,Hydropower,,,,2020
Chinese Taipei,Liquid Biofuels,,,,2020
Chinese Taipei,Municipal and industrial waste,,,,2020
Chinese Taipei,Others,,,,2020
Chinese Taipei,Solar Heating / Cooling,0.27,IRENA estimate,Based on employment factors and capacity data,2020
Chinese Taipei,Solar Photovoltaic,20.7,IRENA estimate,,2020
Chinese Taipei,Solid Biomass,,,,2020
Chinese Taipei,"Tide, Wave and Ocean Energy",,,,2020
Chinese Taipei,Wind Energy,0.735,IRENA estimate,Based on employment factors and capacity data,2020
Colombia,All technologies,266.306,,,2020
Colombia,Biogas,,,,2020
Colombia,CSP,,,,2020
Colombia,Geothermal Energy,,,,2020
Colombia,Hydropower,51.3,IRENA estimate,Based on employment factors and capacity and manufactruing data.,2020
Colombia,Liquid Biofuels,193.926,IRENA estimate,"111,676 jobs in ethanol and 82,250 jobs in biodiesel",2020
Colombia,Municipal and industrial waste,,,,2020
Colombia,Others,,,,2020
Colombia,Solar Heating / Cooling,,,,2020
Colombia,Solar Photovoltaic,0.36,IRENA focal point,,2020
Colombia,Solid Biomass,18.62,Ministerio de Minas y Energía (2015),,2020
Colombia,"Tide, Wave and Ocean Energy",,,,2020
Colombia,Wind Energy,2.1,IRENA focal point,,2020
Costa Rica,All technologies,1.344,,,2020
Costa Rica,Biogas,,,,2020
Costa Rica,CSP,0.002,IRENA focal point,,2020
Costa Rica,Geothermal Energy,0.103,IRENA focal point,,2020
Costa Rica,Hydropower,0.885,IRENA focal point,,2020
Costa Rica,Liquid Biofuels,,,,2020
Costa Rica,Municipal and industrial waste,,,,2020
Costa Rica,Others,,,,2020
Costa Rica,Solar Heating / Cooling,,,,2020
Costa Rica,Solar Photovoltaic,0.044,IRENA focal point,,2020
Costa Rica,Solid Biomass,0.01,IRENA focal point,,2020
Costa Rica,"Tide, Wave and Ocean Energy",,,,2020
Costa Rica,Wind Energy,0.3,IRENA Estimate,,2020
Croatia,All technologies,26.258,,,2020
Croatia,Biogas,2.2,EurObserv'ER (2020),,2020
Croatia,CSP,,,,2020
Croatia,Geothermal Energy,0.102,EurObserv'ER (2020),,2020
Croatia,Hydropower,2.1,EurObserv'ER (2020),,2020
Croatia,Liquid Biofuels,2.5,EurObserv'ER (2020),,2020
Croatia,Municipal and industrial waste,0.1,EurObserv'ER (2020),,2020
Croatia,Others,,,,2020
Croatia,Solar Heating / Cooling,0.2,EurObserv'ER (2020),,2020
Croatia,Solar Photovoltaic,0.056,IRENA estimate,,2020
Croatia,Solid Biomass,16.7,EurObserv'ER (2020),,2020
Croatia,"Tide, Wave and Ocean Energy",,,,2020
Croatia,Wind Energy,2.3,IRENA estimate,,2020
Cyprus,All technologies,1.94,,,2020
Cyprus,Biogas,0.1,EurObserv'ER (2020),,2020
Cyprus,CSP,,,,2020
Cyprus,Geothermal Energy,0.102,EurObserv'ER (2020),,2020
Cyprus,Hydropower,0.1,EurObserv'ER (2020),,2020
Cyprus,Liquid Biofuels,0.1,EurObserv'ER (2020),,2020
Cyprus,Municipal and industrial waste,0.1,EurObserv'ER (2020),,2020
Cyprus,Others,,,,2020
Cyprus,Solar Heating / Cooling,0.3,EurObserv'ER (2020),,2020
Cyprus,Solar Photovoltaic,0.7,EurObserv'ER (2020),,2020
Cyprus,Solid Biomass,0.3,EurObserv'ER (2020),,2020
Cyprus,"Tide, Wave and Ocean Energy",,,,2020
Cyprus,Wind Energy,0.138,IRENA estimate,,2020
Czech Republic,All technologies,33.933,,,2020
Czech Republic,Biogas,4.1,EurObserv'ER (2020),,2020
Czech Republic,CSP,,,,2020
Czech Republic,Geothermal Energy,0.433,EurObserv'ER (2020),,2020
Czech Republic,Hydropower,1.3,EurObserv'ER (2020),,2020
Czech Republic,Liquid Biofuels,8,EurObserv'ER (2020),,2020
Czech Republic,Municipal and industrial waste,0.2,EurObserv'ER (2020),,2020
Czech Republic,Others,,,,2020
Czech Republic,Solar Heating / Cooling,0.2,EurObserv'ER (2020),,2020
Czech Republic,Solar Photovoltaic,1.7,IRENA estimate,,2020
Czech Republic,Solid Biomass,16.7,EurObserv'ER (2020),,2020
Czech Republic,"Tide, Wave and Ocean Energy",,,,2020
Czech Republic,Wind Energy,1.3,IRENA estimate,,2020
Congo (Kinshasa),All technologies,8.342,,,2020
Congo (Kinshasa),Biogas,,,,2020
Congo (Kinshasa),CSP,,,,2020
Congo (Kinshasa),Geothermal Energy,,,,2020
Congo (Kinshasa),Hydropower,8.342,IRENA estimate,Based on employment factors and capacity and manufactruing data.,2020
Congo (Kinshasa),Liquid Biofuels,,,,2020
Congo (Kinshasa),Municipal and industrial waste,,,,2020
Congo (Kinshasa),Others,,,,2020
Congo (Kinshasa),Solar Heating / Cooling,,,,2020
Congo (Kinshasa),Solar Photovoltaic,,,,2020
Congo (Kinshasa),Solid Biomass,,,,2020
Congo (Kinshasa),"Tide, Wave and Ocean Energy",,,,2020
Congo (Kinshasa),Wind Energy,,,,2020
Denmark,All technologies,45.925,,,2020
Denmark,Biogas,0.6,EurObserv'ER (2020),,2020
Denmark,CSP,,,,2020
Denmark,Geothermal Energy,0.225,EurObserv'ER (2020),,2020
Denmark,Hydropower,0.1,EurObserv'ER (2020),,2020
Denmark,Liquid Biofuels,0.7,EurObserv'ER (2020),,2020
Denmark,Municipal and industrial waste,0.6,EurObserv'ER (2020),,2020
Denmark,Others,,,,2020
Denmark,Solar Heating / Cooling,0.5,EurObserv'ER (2020),,2020
Denmark,Solar Photovoltaic,3,IRENA estimate,,2020
Denmark,Solid Biomass,5.3,EurObserv'ER (2020),,2020
Denmark,"Tide, Wave and Ocean Energy",,,,2020
Denmark,Wind Energy,34.9,IRENA estimate,,2020
Dominican Republic,All technologies,0.3,,,2020
Dominican Republic,Biogas,,,,2020
Dominican Republic,CSP,,,,2020
Dominican Republic,Geothermal Energy,,,,2020
Dominican Republic,Hydropower,,,,2020
Dominican Republic,Liquid Biofuels,,,,2020
Dominican Republic,Municipal and industrial waste,,,,2020
Dominican Republic,Others,,,,2020
Dominican Republic,Solar Heating / Cooling,,,,2020
Dominican Republic,Solar Photovoltaic,,,,2020
Dominican Republic,Solid Biomass,,,,2020
Dominican Republic,"Tide, Wave and Ocean Energy",,,,2020
Dominican Republic,Wind Energy,0.3,IRENA estimate,Based on employment factors and capacity data,2020
Ecuador,All technologies,10.66,,,2020
Ecuador,Biogas,0.01,IRENA Focal Point,,2020
Ecuador,CSP,0.009,IRENA Focal Point,,2020
Ecuador,Geothermal Energy,0.018,IRENA Focal Point,,2020
Ecuador,Hydropower,10.549,IRENA estimate,Based on employment factors and capacity and manufactruing data.,2020
Ecuador,Liquid Biofuels,0.016,IRENA focal point,,2020
Ecuador,Municipal and industrial waste,0.016,IRENA Focal Point,,2020
Ecuador,Others,,,,2020
Ecuador,Solar Heating / Cooling,,,,2020
Ecuador,Solar Photovoltaic,0.009,IRENA focal point,,2020
Ecuador,Solid Biomass,0.016,IRENA Focal Point,,2020
Ecuador,"Tide, Wave and Ocean Energy",,,,2020
Ecuador,Wind Energy,0.017,IRENA Estimate,,2020
Egypt,All technologies,3.92,,,2020
Egypt,Biogas,,,,2020
Egypt,CSP,0.2,NREA Egypt (2016) ,,2020
Egypt,Geothermal Energy,,,,2020
Egypt,Hydropower,0.32,NREA Egypt (2016) ,,2020
Egypt,Liquid Biofuels,,,,2020
Egypt,Municipal and industrial waste,,,,2020
Egypt,Others,,,,2020
Egypt,Solar Heating / Cooling,0.3,NREA Egypt (2016) ,,2020
Egypt,Solar Photovoltaic,2.1,IRENA estimate,Based on employment factors and capacity data,2020
Egypt,Solid Biomass,,,,2020
Egypt,"Tide, Wave and Ocean Energy",,,,2020
Egypt,Wind Energy,1,IRENA estimate,Based on employment factors and capacity data,2020
El Salvador,All technologies,0.163,,,2020
El Salvador,Biogas,,,,2020
El Salvador,CSP,,,,2020
El Salvador,Geothermal Energy,0.163,IRENA estimate,,2020
El Salvador,Hydropower,,,,2020
El Salvador,Liquid Biofuels,,,,2020
El Salvador,Municipal and industrial waste,,,,2020
El Salvador,Others,,,,2020
El Salvador,Solar Heating / Cooling,,,,2020
El Salvador,Solar Photovoltaic,,,,2020
El Salvador,Solid Biomass,,,,2020
El Salvador,"Tide, Wave and Ocean Energy",,,,2020
El Salvador,Wind Energy,,,,2020
Estonia,All technologies,14.268,,,2020
Estonia,Biogas,0.1,EurObserv'ER (2020),,2020
Estonia,CSP,,,,2020
Estonia,Geothermal Energy,0.288,EurObserv'ER (2020),,2020
Estonia,Hydropower,0.1,EurObserv'ER (2020),,2020
Estonia,Liquid Biofuels,0.5,EurObserv'ER (2020),,2020
Estonia,Municipal and industrial waste,0.5,EurObserv'ER (2020),,2020
Estonia,Others,,,,2020
Estonia,Solar Heating / Cooling,0.1,EurObserv'ER (2020),,2020
Estonia,Solar Photovoltaic,0.4,IRENA estimate,,2020
Estonia,Solid Biomass,12.2,EurObserv'ER (2020),,2020
Estonia,"Tide, Wave and Ocean Energy",,,,2020
Estonia,Wind Energy,0.08,IRENA estimate,,2020
Ethiopia,All technologies,34.958,,,2020
Ethiopia,Biogas,,,,2020
Ethiopia,CSP,,,,2020
Ethiopia,Geothermal Energy,,,,2020
Ethiopia,Hydropower,34.698,IRENA estimate,Based on employment factors and capacity and manufactruing data.,2020
Ethiopia,Liquid Biofuels,,,,2020
Ethiopia,Municipal and industrial waste,,,,2020
Ethiopia,Others,,,,2020
Ethiopia,Solar Heating / Cooling,,,,2020
Ethiopia,Solar Photovoltaic,,,,2020
Ethiopia,Solid Biomass,,,,2020
Ethiopia,"Tide, Wave and Ocean Energy",,,,2020
Ethiopia,Wind Energy,0.26,IRENA Estimate,,2020
Finland,All technologies,35.752,,,2020
Finland,Biogas,0.5,EurObserv'ER (2020),,2020
Finland,CSP,,,,2020
Finland,Geothermal Energy,0.682,EurObserv'ER (2020),,2020
Finland,Hydropower,1.3,EurObserv'ER (2020),,2020
Finland,Liquid Biofuels,2.6,EurObserv'ER (2020),,2020
Finland,Municipal and industrial waste,1.2,EurObserv'ER (2020),,2020
Finland,Others,,,,2020
Finland,Solar Heating / Cooling,0.1,EurObserv'ER (2020),,2020
Finland,Solar Photovoltaic,2.8,IRENA estimate,,2020
Finland,Solid Biomass,23.7,EurObserv'ER (2020),,2020
Finland,"Tide, Wave and Ocean Energy",,,,2020
Finland,Wind Energy,2.87,IRENA estimate,,2020
France,All technologies,110.151,,,2020
France,Biogas,4.2,EurObserv'ER (2020),,2020
France,CSP,,,,2020
France,Geothermal Energy,1.113,EurObserv'ER (2020),,2020
France,Hydropower,10.58,IRENA estimate,Based on employment factors and capacity and manufactruing data.,2020
France,Liquid Biofuels,29.1,EurObserv'ER (2020),,2020
France,Municipal and industrial waste,2.1,EurObserv'ER (2020),,2020
France,Others,,,,2020
France,Solar Heating / Cooling,1.8,EurObserv'ER (2020),,2020
France,Solar Photovoltaic,9.965,IRENA estimate,,2020
France,Solid Biomass,31.1,EurObserv'ER (2020),,2020
France,"Tide, Wave and Ocean Energy",,,,2020
France,Wind Energy,20.193,France Energie Eolienne and Capgemini Invent (2019),,2020
Gabon,All technologies,0.093,,,2020
Gabon,Biogas,,,,2020
Gabon,CSP,,,,2020
Gabon,Geothermal Energy,,,,2020
Gabon,Hydropower,0.093,IRENA focal point,,2020
Gabon,Liquid Biofuels,,,,2020
Gabon,Municipal and industrial waste,,,,2020
Gabon,Others,,,,2020
Gabon,Solar Heating / Cooling,,,,2020
Gabon,Solar Photovoltaic,,,,2020
Gabon,Solid Biomass,,,,2020
Gabon,"Tide, Wave and Ocean Energy",,,,2020
Gabon,Wind Energy,,,,2020
Germany,All technologies,296.784,,,2020
Germany,Biogas,43.9,BMWi (2021),incl. stationary plants for the use of liquid biomass,2020
Germany,CSP,0.6,BMWi (2021),,2020
Germany,Geothermal Energy,24.5,BMWi (2021),23.6k is near surface geothermal. Ambient Heat.,2020
Germany,Hydropower,3.784,IRENA estimate,Based on employment factors and capacity and manufactruing data.,2020
Germany,Liquid Biofuels,22.3,BMWi (2021),,2020
Germany,Municipal and industrial waste,7.6,EurObserv'ER (2020),,2020
Germany,Others,,,,2020
Germany,Solar Heating / Cooling,7.2,BMWi (2021),,2020
Germany,Solar Photovoltaic,51,IRENA estimate,,2020
Germany,Solid Biomass,45.9,BMWi (2021),"28.1k is small scale biomass, rest is heating and power plants",2020
Germany,"Tide, Wave and Ocean Energy",,,,2020
Germany,Wind Energy,90,IRENA estimate,Based on employment factors and capacity and manufactruing data.,2020
Ghana,All technologies,16.249,,,2020
Ghana,Biogas,,,,2020
Ghana,CSP,,,,2020
Ghana,Geothermal Energy,,,,2020
Ghana,Hydropower,15.015,IRENA estimate,Based on employment factors and capacity and manufactruing data.,2020
Ghana,Liquid Biofuels,,,,2020
Ghana,Municipal and industrial waste,,,,2020
Ghana,Others,,,,2020
Ghana,Solar Heating / Cooling,,,,2020
Ghana,Solar Photovoltaic,1.234,Mcesocap (2016); PEG-ghana (nd); PV-tech (nd),"The workforce of PEG-Ghana, the construction workforce of BXG Ghana and for Nzema solar project.",2020
Ghana,Solid Biomass,,,,2020
Ghana,"Tide, Wave and Ocean Energy",,,,2020
Ghana,Wind Energy,,,,2020
Greece,All technologies,31.433,,,2020
Greece,Biogas,0.8,EurObserv'ER (2020),,2020
Greece,CSP,,,,2020
Greece,Geothermal Energy,0.133,EurObserv'ER (2020),,2020
Greece,Hydropower,2.4,EurObserv'ER (2020),,2020
Greece,Liquid Biofuels,10.9,EurObserv'ER (2020),,2020
Greece,Municipal and industrial waste,0.1,EurObserv'ER (2020),,2020
Greece,Others,,,,2020
Greece,Solar Heating / Cooling,1.8,EurObserv'ER (2020),,2020
Greece,Solar Photovoltaic,6.1,IRENA estimate,,2020
Greece,Solid Biomass,2.4,EurObserv'ER (2020),,2020
Greece,"Tide, Wave and Ocean Energy",,,,2020
Greece,Wind Energy,6.8,IRENA estimate,,2020
Guinea,All technologies,1,,,2020
Guinea,Biogas,,,,2020
Guinea,CSP,,,,2020
Guinea,Geothermal Energy,,,,2020
Guinea,Hydropower,,,,2020
Guinea,Liquid Biofuels,,,,2020
Guinea,Municipal and industrial waste,,,,2020
Guinea,Others,,,,2020
Guinea,Solar Heating / Cooling,,,,2020
Guinea,Solar Photovoltaic,1,IRENA estimate,,2020
Guinea,Solid Biomass,,,,2020
Guinea,"Tide, Wave and Ocean Energy",,,,2020
Guinea,Wind Energy,,,,2020
Hungary,All technologies,41.676,,,2020
Hungary,Biogas,0.7,EurObserv'ER (2020),,2020
Hungary,CSP,,,,2020
Hungary,Geothermal Energy,0.776,EurObserv'ER (2020),,2020
Hungary,Hydropower,0.1,EurObserv'ER (2020),,2020
Hungary,Liquid Biofuels,18,EurObserv'ER (2020),,2020
Hungary,Municipal and industrial waste,0.4,EurObserv'ER (2020),,2020
Hungary,Others,,,,2020
Hungary,Solar Heating / Cooling,0.2,EurObserv'ER (2020),,2020
Hungary,Solar Photovoltaic,8.9,IRENA estimate,,2020
Hungary,Solid Biomass,11.8,EurObserv'ER (2020),,2020
Hungary,"Tide, Wave and Ocean Energy",,,,2020
Hungary,Wind Energy,0.8,IRENA estimate,,2020
Iceland,All technologies,1.139,,,2020
Iceland,Biogas,,,,2020
Iceland,CSP,,,,2020
Iceland,Geothermal Energy,0.784,IRENA focal point,,2020
Iceland,Hydropower,0.347,IRENA focal point,,2020
Iceland,Liquid Biofuels,,,,2020
Iceland,Municipal and industrial waste,,,,2020
Iceland,Others,,,,2020
Iceland,Solar Heating / Cooling,,,,2020
Iceland,Solar Photovoltaic,,,,2020
Iceland,Solid Biomass,,,,2020
Iceland,"Tide, Wave and Ocean Energy",,,,2020
Iceland,Wind Energy,0.008,IRENA focal point,,2020
India,All technologies,725.783,,,2020
India,Biogas,85,MNRE and CII (2010),,2020
India,CSP,,,,2020
India,Geothermal Energy,,,,2020
India,Hydropower,319.538,IRENA estimate,Based on employment factors and capacity and manufactruing data.,2020
India,Liquid Biofuels,35.055,Urbanchuk (2012),,2020
India,Municipal and industrial waste,,,,2020
India,Others,,,,2020
India,Solar Heating / Cooling,20.69,IRENA estimate,Based on employment factors and capacity data,2020
India,Solar Photovoltaic,163.5,IRENA estimate,"93,900 in on-gird and 69,600 in off-grid",2020
India,Solid Biomass,58,MNRE and CII (2010),,2020
India,"Tide, Wave and Ocean Energy",,,,2020
India,Wind Energy,44,IRENA estimate,Based on employment factors and capacity data,2020
Indonesia,All technologies,501.092,,,2020
Indonesia,Biogas,,,,2020
Indonesia,CSP,,,,2020
Indonesia,Geothermal Energy,7,Chevron Indonesia (2012),Only employed by Chevron,2020
Indonesia,Hydropower,18.492,IRENA estimate,Based on employment factors and capacity and manufactruing data.,2020
Indonesia,Liquid Biofuels,475.6,IRENA estimate,Employment factor based estimate,2020
Indonesia,Municipal and industrial waste,,,,2020
Indonesia,Others,,,,2020
Indonesia,Solar Heating / Cooling,,,,2020
Indonesia,Solar Photovoltaic,,,,2020
Indonesia,Solid Biomass,,,,2020
Indonesia,"Tide, Wave and Ocean Energy",,,,2020
Indonesia,Wind Energy,,,,2020
Iran,All technologies,75.205,,,2020
Iran,Biogas,,,,2020
Iran,CSP,,,,2020
Iran,Geothermal Energy,0.2,IRENA focal point,,2020
Iran,Hydropower,33.596,IRENA estimate,16.8k in Small Hydro.,2020
Iran,Liquid Biofuels,,,,2020
Iran,Municipal and industrial waste,0.604,IRENA focal point,,2020
Iran,Others,,,,2020
Iran,Solar Heating / Cooling,,,,2020
Iran,Solar Photovoltaic,28,IRENA focal point,,2020
Iran,Solid Biomass,0.528,IRENA focal point,,2020
Iran,"Tide, Wave and Ocean Energy",,,,2020
Iran,Wind Energy,12.277,IRENA focal point,,2020
Ireland,All technologies,8.325,,,2020
Ireland,Biogas,0.2,EurObserv'ER (2020),,2020
Ireland,CSP,,,,2020
Ireland,Geothermal Energy,0.125,EurObserv'ER (2020),,2020
Ireland,Hydropower,0.3,EurObserv'ER (2020),,2020
Ireland,Liquid Biofuels,0.2,EurObserv'ER (2020),,2020
Ireland,Municipal and industrial waste,1.6,EurObserv'ER (2020),,2020
Ireland,Others,,,,2020
Ireland,Solar Heating / Cooling,0.1,EurObserv'ER (2020),,2020
Ireland,Solar Photovoltaic,0.2,IRENA estimate,,2020
Ireland,Solid Biomass,1.1,EurObserv'ER (2020),,2020
Ireland,"Tide, Wave and Ocean Energy",,,,2020
Ireland,Wind Energy,4.5,IRENA estimate,,2020
Israel,All technologies,5.87,,,2020
Israel,Biogas,0.02,IRENA focal point,,2020
Israel,CSP,0.1,IRENA focal point,,2020
Israel,Geothermal Energy,,,,2020
Israel,Hydropower,,,,2020
Israel,Liquid Biofuels,0.04,IRENA focal point,,2020
Israel,Municipal and industrial waste,0.15,IRENA focal point,,2020
Israel,Others,,,,2020
Israel,Solar Heating / Cooling,3.13,IRENA estimate,Based on employment factors and capacity data,2020
Israel,Solar Photovoltaic,2.28,IRENA estimate,Based on employment factors and capacity data,2020
Israel,Solid Biomass,0.04,IRENA focal point,,2020
Israel,"Tide, Wave and Ocean Energy",0.01,IRENA focal point,,2020
Israel,Wind Energy,0.1,IRENA focal point,,2020
Italy,All technologies,74.056,,,2020
Italy,Biogas,8.4,EurObserv'ER (2020),,2020
Italy,CSP,,,,2020
Italy,Geothermal Energy,2.219,EurObserv'ER (2020),,2020
Italy,Hydropower,7.286,IRENA estimate,Based on employment factors and capacity and manufactruing data.,2020
Italy,Liquid Biofuels,8.5,EurObserv'ER (2020),,2020
Italy,Municipal and industrial waste,2.4,EurObserv'ER (2020),,2020
Italy,Others,,,,2020
Italy,Solar Heating / Cooling,1.1,EurObserv'ER (2020),,2020
Italy,Solar Photovoltaic,13.351,IRENA estimate,,2020
Italy,Solid Biomass,24.4,EurObserv'ER (2020),,2020
Italy,"Tide, Wave and Ocean Energy",,,,2020
Italy,Wind Energy,6.4,IRENA estimate,,2020
Japan,All technologies,236.266,,,2020
Japan,Biogas,,,,2020
Japan,CSP,,,,2020
Japan,Geothermal Energy,0.214,IRENA estimate,,2020
Japan,Hydropower,8.186,IRENA estimate,Based on employment factors and capacity and manufactruing data.,2020
Japan,Liquid Biofuels,3.102,Urbanchuk (2012),,2020
Japan,Municipal and industrial waste,,,,2020
Japan,Others,,,,2020
Japan,Solar Heating / Cooling,0.591,IRENA estimate,Based on employment factors and capacity data,2020
Japan,Solar Photovoltaic,220,IRENA estimate,Based on capacity and manufacturing trends,2020
Japan,Solid Biomass,,,,2020
Japan,"Tide, Wave and Ocean Energy",,,,2020
Japan,Wind Energy,4.173,IRENA estimate,,2020
Jordan,All technologies,37.61,,,2020
Jordan,Biogas,,,,2020
Jordan,CSP,,,,2020
Jordan,Geothermal Energy,,,,2020
Jordan,Hydropower,,,,2020
Jordan,Liquid Biofuels,,,,2020
Jordan,Municipal and industrial waste,,,,2020
Jordan,Others,,,,2020
Jordan,Solar Heating / Cooling,11,IRENA focal point,Direct and indirect jobs.,2020
Jordan,Solar Photovoltaic,25.11,IRENA focal point,Direct jobs. Employment factor based.,2020
Jordan,Solid Biomass,,,,2020
Jordan,"Tide, Wave and Ocean Energy",,,,2020
Jordan,Wind Energy,1.5,IRENA focal point,Direct jobs. Employment factor based.,2020
Kazakhstan,All technologies,10.344,,,2020
Kazakhstan,Biogas,,,,2020
Kazakhstan,CSP,,,,2020
Kazakhstan,Geothermal Energy,,,,2020
Kazakhstan,Hydropower,2.744,IRENA estimate,Based on employment factors and capacity and manufactruing data.,2020
Kazakhstan,Liquid Biofuels,,,,2020
Kazakhstan,Municipal and industrial waste,,,,2020
Kazakhstan,Others,,,,2020
Kazakhstan,Solar Heating / Cooling,,,,2020
Kazakhstan,Solar Photovoltaic,5,IRENA estimate,Based on employment factors and capacity data,2020
Kazakhstan,Solid Biomass,,,,2020
Kazakhstan,"Tide, Wave and Ocean Energy",,,,2020
Kazakhstan,Wind Energy,2.6,IRENA estimate,Based on employment factors and capacity data,2020
Kenya,All technologies,0.919,,,2020
Kenya,Biogas,,,,2020
Kenya,CSP,,,,2020
Kenya,Geothermal Energy,0.53,IRENA estimate,,2020
Kenya,Hydropower,,,,2020
Kenya,Liquid Biofuels,,,,2020
Kenya,Municipal and industrial waste,,,,2020
Kenya,Others,,,,2020
Kenya,Solar Heating / Cooling,,,,2020
Kenya,Solar Photovoltaic,0.122,IRENA estimate,Based on employment factors and capacity data,2020
Kenya,Solid Biomass,,,,2020
Kenya,"Tide, Wave and Ocean Energy",,,,2020
Kenya,Wind Energy,0.267,IRENA estimate,Based on employment factors and capacity data,2020
Kyrgyzstan,All technologies,0.41,,,2020
Kyrgyzstan,Biogas,0.06,IRENA estimate,O&M jobs only,2020
Kyrgyzstan,CSP,,,,2020
Kyrgyzstan,Geothermal Energy,,,,2020
Kyrgyzstan,Hydropower,0.15,IRENA focal point,,2020
Kyrgyzstan,Liquid Biofuels,,,,2020
Kyrgyzstan,Municipal and industrial waste,,,,2020
Kyrgyzstan,Others,0.15,IRENA estimate,Equipment manufacturing for all renewables,2020
Kyrgyzstan,Solar Heating / Cooling,0.02,IRENA estimate,O&M jobs only,2020
Kyrgyzstan,Solar Photovoltaic,0.03,IRENA estimate,O&M jobs only,2020
Kyrgyzstan,Solid Biomass,,,,2020
Kyrgyzstan,"Tide, Wave and Ocean Energy",,,,2020
Kyrgyzstan,Wind Energy,,,,2020
Latvia,All technologies,39.602,,,2020
Latvia,Biogas,0.8,EurObserv'ER (2020),,2020
Latvia,CSP,,,,2020
Latvia,Geothermal Energy,0.102,EurObserv'ER (2020),,2020
Latvia,Hydropower,3.3,EurObserv'ER (2020),,2020
Latvia,Liquid Biofuels,4.9,EurObserv'ER (2020),,2020
Latvia,Municipal and industrial waste,0.1,EurObserv'ER (2020),,2020
Latvia,Others,,,,2020
Latvia,Solar Heating / Cooling,0.1,EurObserv'ER (2020),,2020
Latvia,Solar Photovoltaic,5.8,IRENA estimate,,2020
Latvia,Solid Biomass,24.4,EurObserv'ER (2020),,2020
Latvia,"Tide, Wave and Ocean Energy",,,,2020
Latvia,Wind Energy,0.1,IRENA estimate,,2020
Lebanon,All technologies,1.071,,,2020
Lebanon,Biogas,,,,2020
Lebanon,CSP,,,,2020
Lebanon,Geothermal Energy,,,,2020
Lebanon,Hydropower,,,,2020
Lebanon,Liquid Biofuels,,,,2020
Lebanon,Municipal and industrial waste,,,,2020
Lebanon,Others,,,,2020
Lebanon,Solar Heating / Cooling,0.51,IRENA estimate,Based on employment factors and capacity data,2020
Lebanon,Solar Photovoltaic,0.531,IRENA focal point,,2020
Lebanon,Solid Biomass,0.02,IRENA focal point,,2020
Lebanon,"Tide, Wave and Ocean Energy",,,,2020
Lebanon,Wind Energy,0.01,IRENA estimate,,2020
Lesotho,All technologies,0.09,,,2020
Lesotho,Biogas,,,,2020
Lesotho,CSP,,,,2020
Lesotho,Geothermal Energy,,,,2020
Lesotho,Hydropower,,,,2020
Lesotho,Liquid Biofuels,,,,2020
Lesotho,Municipal and industrial waste,,,,2020
Lesotho,Others,,,,2020
Lesotho,Solar Heating / Cooling,,,,2020
Lesotho,Solar Photovoltaic,0.09,UNDP (2015),,2020
Lesotho,Solid Biomass,,,,2020
Lesotho,"Tide, Wave and Ocean Energy",,,,2020
Lesotho,Wind Energy,,,,2020
Libya,All technologies,0.5,,,2020
Libya,Biogas,,,,2020
Libya,CSP,,,,2020
Libya,Geothermal Energy,,,,2020
Libya,Hydropower,,,,2020
Libya,Liquid Biofuels,,,,2020
Libya,Municipal and industrial waste,,,,2020
Libya,Others,0.5,IRENA estimate,,2020
Libya,Solar Heating / Cooling,,,,2020
Libya,Solar Photovoltaic,,,,2020
Libya,Solid Biomass,,,,2020
Libya,"Tide, Wave and Ocean Energy",,,,2020
Libya,Wind Energy,,,,2020
Lithuania,All technologies,12.955,,,2020
Lithuania,Biogas,0.3,EurObserv'ER (2020),,2020
Lithuania,CSP,,,,2020
Lithuania,Geothermal Energy,0.105,EurObserv'ER (2020),,2020
Lithuania,Hydropower,0.6,EurObserv'ER (2020),,2020
Lithuania,Liquid Biofuels,6.1,EurObserv'ER (2020),,2020
Lithuania,Municipal and industrial waste,0.1,EurObserv'ER (2020),,2020
Lithuania,Others,,,,2020
Lithuania,Solar Heating / Cooling,0.1,EurObserv'ER (2020),,2020
Lithuania,Solar Photovoltaic,2.4,IRENA estimate,,2020
Lithuania,Solid Biomass,2.7,EurObserv'ER (2020),,2020
Lithuania,"Tide, Wave and Ocean Energy",,,,2020
Lithuania,Wind Energy,0.55,IRENA estimate,,2020
Luxembourg,All technologies,1.83,,,2020
Luxembourg,Biogas,0.1,EurObserv'ER (2020),,2020
Luxembourg,CSP,,,,2020
Luxembourg,Geothermal Energy,0.13,EurObserv'ER (2020),,2020
Luxembourg,Hydropower,0.5,EurObserv'ER (2020),,2020
Luxembourg,Liquid Biofuels,0.1,EurObserv'ER (2020),,2020
Luxembourg,Municipal and industrial waste,0.1,EurObserv'ER (2020),,2020
Luxembourg,Others,,,,2020
Luxembourg,Solar Heating / Cooling,0.1,EurObserv'ER (2020),,2020
Luxembourg,Solar Photovoltaic,0.4,IRENA estimate,,2020
Luxembourg,Solid Biomass,0.1,EurObserv'ER (2020),,2020
Luxembourg,"Tide, Wave and Ocean Energy",,,,2020
Luxembourg,Wind Energy,0.3,IRENA estimate,,2020
Malaysia,All technologies,144.796,,,2020
Malaysia,Biogas,3.712,IRENA focal point,Direct and indirect jobs.,2020
Malaysia,CSP,,,,2020
Malaysia,Geothermal Energy,,,,2020
Malaysia,Hydropower,6.722,IRENA estimate,Based on employment factors and capacity and manufactruing data.,2020
Malaysia,Liquid Biofuels,73.7,IRENA estimate,Employment factor based estimate,2020
Malaysia,Municipal and industrial waste,,,,2020
Malaysia,Others,,,,2020
Malaysia,Solar Heating / Cooling,,,,2020
Malaysia,Solar Photovoltaic,54.92,IRENA focal point,Direct and indirect jobs.,2020
Malaysia,Solid Biomass,5.742,IRENA focal point,Direct and indirect jobs.,2020
Malaysia,"Tide, Wave and Ocean Energy",,,,2020
Malaysia,Wind Energy,,,,2020
Mali,All technologies,1.9,,,2020
Mali,Biogas,,,,2020
Mali,CSP,,,,2020
Mali,Geothermal Energy,,,,2020
Mali,Hydropower,,,,2020
Mali,Liquid Biofuels,,,,2020
Mali,Municipal and industrial waste,,,,2020
Mali,Others,,,,2020
Mali,Solar Heating / Cooling,,,,2020
Mali,Solar Photovoltaic,1.9,IRENA estimate,Construction jobs of a 33 MW solar PV; Jobs in offgrid solar ,2020
Mali,Solid Biomass,,,,2020
Mali,"Tide, Wave and Ocean Energy",,,,2020
Mali,Wind Energy,,,,2020
Malta,All technologies,1.1,,,2020
Malta,Biogas,0.1,EurObserv'ER (2020),,2020
Malta,CSP,,,,2020
Malta,Geothermal Energy,0.1,EurObserv'ER (2020),,2020
Malta,Hydropower,0.1,EurObserv'ER (2020),,2020
Malta,Liquid Biofuels,0.1,EurObserv'ER (2020),,2020
Malta,Municipal and industrial waste,0.1,EurObserv'ER (2020),,2020
Malta,Others,,,,2020
Malta,Solar Heating / Cooling,0.1,EurObserv'ER (2020),,2020
Malta,Solar Photovoltaic,0.3,IRENA estimate,,2020
Malta,Solid Biomass,0.1,EurObserv'ER (2020),,2020
Malta,"Tide, Wave and Ocean Energy",,,,2020
Malta,Wind Energy,0.1,IRENA estimate,,2020
Mauritius,All technologies,1.369375,,,2020
Mauritius,Biogas,,,,2020
Mauritius,CSP,,,,2020
Mauritius,Geothermal Energy,,,,2020
Mauritius,Hydropower,,,,2020
Mauritius,Liquid Biofuels,1.3,Investmauritius (2016),,2020
Mauritius,Municipal and industrial waste,,,,2020
Mauritius,Others,,,,2020
Mauritius,Solar Heating / Cooling,0.069375,IRENA estimate,Based on employment factors and capacity data,2020
Mauritius,Solar Photovoltaic,,,,2020
Mauritius,Solid Biomass,,,,2020
Mauritius,"Tide, Wave and Ocean Energy",,,,2020
Mauritius,Wind Energy,,,,2020
Mexico,All technologies,111.268,,,2020
Mexico,Biogas,0,IRENA focal point,,2020
Mexico,CSP,,,,2020
Mexico,Geothermal Energy,17.45,IRENA focal point,Direct & Indirect jobs based on I-O model,2020
Mexico,Hydropower,17.328,IRENA estimate,Based on employment factors and capacity and manufactruing data.,2020
Mexico,Liquid Biofuels,,,,2020
Mexico,Municipal and industrial waste,,,,2020
Mexico,Others,,,,2020
Mexico,Solar Heating / Cooling,4.66,IRENA estimate,Based on employment factors and capacity data,2020
Mexico,Solar Photovoltaic,34.49,IRENA focal point,Direct & Indirect jobs based on I-O model,2020
Mexico,Solid Biomass,11.34,IRENA focal point,"Includes biogas, Direct & Indirect jobs based on I-O model.",2020
Mexico,"Tide, Wave and Ocean Energy",,,,2020
Mexico,Wind Energy,26,IRENA focal point,Direct & Indirect jobs based on I-O model,2020
Moldova,All technologies,0.06,,,2020
Moldova,Biogas,,,,2020
Moldova,CSP,,,,2020
Moldova,Geothermal Energy,,,,2020
Moldova,Hydropower,,,,2020
Moldova,Liquid Biofuels,,,,2020
Moldova,Municipal and industrial waste,,,,2020
Moldova,Others,,,,2020
Moldova,Solar Heating / Cooling,,,,2020
Moldova,Solar Photovoltaic,,,,2020
Moldova,Solid Biomass,,,,2020
Moldova,Wind Energy,0.06,IRENA estimate,,2020
Mongolia,All technologies,0.312,,,2020
Mongolia,Biogas,,,,2020
Mongolia,CSP,,,,2020
Mongolia,Geothermal Energy,,,,2020
Mongolia,Hydropower,0.173,IRENA estimate,Direct Jobs only,2020
Mongolia,Liquid Biofuels,,,,2020
Mongolia,Municipal and industrial waste,,,,2020
Mongolia,Others,,,,2020
Mongolia,Solar Heating / Cooling,,,,2020
Mongolia,Solar Photovoltaic,0.039,IRENA estimate,Direct Jobs only.,2020
Mongolia,Solid Biomass,,,,2020
Mongolia,"Tide, Wave and Ocean Energy",,,,2020
Mongolia,Wind Energy,0.1,IRENA estimate,,2020
Montenegro,All technologies,0.9,,,2020
Montenegro,Biogas,,,,2020
Montenegro,CSP,,,,2020
Montenegro,Geothermal Energy,,,,2020
Montenegro,Hydropower,,,,2020
Montenegro,Liquid Biofuels,,,,2020
Montenegro,Municipal and industrial waste,,,,2020
Montenegro,Others,,,,2020
Montenegro,Solar Heating / Cooling,,,,2020
Montenegro,Solar Photovoltaic,,,,2020
Montenegro,Solid Biomass,,,,2020
Montenegro,Wind Energy,0.9,IRENA estimate,,2020
Morocco,All technologies,14.51825,,,2020
Morocco,Biogas,,,,2020
Morocco,CSP,1.8,Zawya (2015),,2020
Morocco,Geothermal Energy,,,,2020
Morocco,Hydropower,7.937,IRENA estimate,Based on employment factors and capacity and manufactruing data.,2020
Morocco,Liquid Biofuels,,,,2020
Morocco,Municipal and industrial waste,,,,2020
Morocco,Others,,,,2020
Morocco,Solar Heating / Cooling,0.28125,IRENA estimate,Based on employment factors and capacity data,2020
Morocco,Solar Photovoltaic,1,IRENA estimate,Based on employment factors and capacity data,2020
Morocco,Solid Biomass,,,,2020
Morocco,"Tide, Wave and Ocean Energy",,,,2020
Morocco,Wind Energy,3.5,IRENA estimate,Based on employment factors and capacity data,2020
Mozambique,All technologies,1.282,,,2020
Mozambique,Biogas,,,,2020
Mozambique,CSP,,,,2020
Mozambique,Geothermal Energy,,,,2020
Mozambique,Hydropower,,,,2020
Mozambique,Liquid Biofuels,1.272,Urbanchuk (2012),,2020
Mozambique,Municipal and industrial waste,,,,2020
Mozambique,Others,,,,2020
Mozambique,Solar Heating / Cooling,0.01,IRENA estimate,Based on employment factors and capacity data,2020
Mozambique,Solar Photovoltaic,,,,2020
Mozambique,Solid Biomass,,,,2020
Mozambique,"Tide, Wave and Ocean Energy",,,,2020
Mozambique,Wind Energy,,,,2020
Myanmar,All technologies,18.623,,,2020
Myanmar,Biogas,,,,2020
Myanmar,CSP,,,,2020
Myanmar,Geothermal Energy,,,,2020
Myanmar,Hydropower,18.623,IRENA estimate,Based on employment factors and capacity and manufactruing data.,2020
Myanmar,Liquid Biofuels,,,,2020
Myanmar,Municipal and industrial waste,,,,2020
Myanmar,Others,,,,2020
Myanmar,Solar Heating / Cooling,,,,2020
Myanmar,Solar Photovoltaic,,,,2020
Myanmar,Solid Biomass,,,,2020
Myanmar,"Tide, Wave and Ocean Energy",,,,2020
Myanmar,Wind Energy,,,,2020
Namibia,All technologies,0.51,,,2020
Namibia,Biogas,,,,2020
Namibia,CSP,,,,2020
Namibia,Geothermal Energy,,,,2020
Namibia,Hydropower,,,,2020
Namibia,Liquid Biofuels,,,,2020
Namibia,Municipal and industrial waste,,,,2020
Namibia,Others,,,,2020
Namibia,Solar Heating / Cooling,0.05,IRENA estimate,Based on employment factors and capacity data,2020
Namibia,Solar Photovoltaic,0.46,Solar-Inverter (2015),,2020
Namibia,Solid Biomass,,,,2020
Namibia,"Tide, Wave and Ocean Energy",,,,2020
Namibia,Wind Energy,,,,2020
Nepal,All technologies,11,,,2020
Nepal,Biogas,11,ADDCP (2009),,2020
Nepal,CSP,,,,2020
Nepal,Geothermal Energy,,,,2020
Nepal,Hydropower,,,,2020
Nepal,Liquid Biofuels,,,,2020
Nepal,Municipal and industrial waste,,,,2020
Nepal,Others,,,,2020
Nepal,Solar Heating / Cooling,,,,2020
Nepal,Solar Photovoltaic,,,,2020
Nepal,Solid Biomass,,,,2020
Nepal,"Tide, Wave and Ocean Energy",,,,2020
Nepal,Wind Energy,,,,2020
Netherlands,All technologies,57.417,,,2020
Netherlands,Biogas,0.7,EurObserv'ER (2020),,2020
Netherlands,CSP,,,,2020
Netherlands,Geothermal Energy,1.261,EurObserv'ER (2020),,2020
Netherlands,Hydropower,0.1,EurObserv'ER (2020),,2020
Netherlands,Liquid Biofuels,2.4,EurObserv'ER (2020),,2020
Netherlands,Municipal and industrial waste,3.4,EurObserv'ER (2020),,2020
Netherlands,Others,,,,2020
Netherlands,Solar Heating / Cooling,0.1,EurObserv'ER (2020),,2020
Netherlands,Solar Photovoltaic,22,IRENA estimate,,2020
Netherlands,Solid Biomass,3.3,EurObserv'ER (2020),,2020
Netherlands,"Tide, Wave and Ocean Energy",,,,2020
Netherlands,Wind Energy,24.156,IRENA estimate,,2020
New Zealand,All technologies,3.767,,,2020
New Zealand,Biogas,,,,2020
New Zealand,CSP,,,,2020
New Zealand,Geothermal Energy,0.627,IRENA estimate,,2020
New Zealand,Hydropower,2.14,IRENA estimate,Based on employment factors and capacity and manufactruing data.,2020
New Zealand,Liquid Biofuels,,,,2020
New Zealand,Municipal and industrial waste,,,,2020
New Zealand,Others,,,,2020
New Zealand,Solar Heating / Cooling,,,,2020
New Zealand,Solar Photovoltaic,,,,2020
New Zealand,Solid Biomass,,,,2020
New Zealand,"Tide, Wave and Ocean Energy",,,,2020
New Zealand,Wind Energy,1,IRENA estimate,,2020
Nicaragua,All technologies,7.245,,,2020
Nicaragua,Biogas,,,,2020
Nicaragua,CSP,,,,2020
Nicaragua,Geothermal Energy,1.2,IRENA focal point,,2020
Nicaragua,Hydropower,1.2,IRENA focal point,,2020
Nicaragua,Liquid Biofuels,,,,2020
Nicaragua,Municipal and industrial waste,,,,2020
Nicaragua,Others,,,,2020
Nicaragua,Solar Heating / Cooling,,,,2020
Nicaragua,Solar Photovoltaic,0.2,IRENA focal point,,2020
Nicaragua,Solid Biomass,2.7,IRENA focal point,,2020
Nicaragua,"Tide, Wave and Ocean Energy",,,,2020
Nicaragua,Wind Energy,1.945,IRENA focal point,,2020
Nigeria,All technologies,7.832,,,2020
Nigeria,Biogas,,,,2020
Nigeria,CSP,,,,2020
Nigeria,Geothermal Energy,,,,2020
Nigeria,Hydropower,7.782,IRENA estimate,Based on employment factors and capacity and manufactruing data.,2020
Nigeria,Liquid Biofuels,,,,2020
Nigeria,Municipal and industrial waste,,,,2020
Nigeria,Others,,,,2020
Nigeria,Solar Heating / Cooling,0.05,IRENA estimate,Based on employment factors and capacity data,2020
Nigeria,Solar Photovoltaic,,,,2020
Nigeria,Solid Biomass,,,,2020
Nigeria,"Tide, Wave and Ocean Energy",,,,2020
Nigeria,Wind Energy,,,,2020
North Macedonia,All technologies,1.121,,,2020
North Macedonia,Biogas,,,,2020
North Macedonia,CSP,,,,2020
North Macedonia,Geothermal Energy,,,,2020
North Macedonia,Hydropower,,,,2020
North Macedonia,Liquid Biofuels,,,,2020
North Macedonia,Municipal and industrial waste,,,,2020
North Macedonia,Others,,,,2020
North Macedonia,Solar Heating / Cooling,0.19,IRENA estimate,Based on employment factors and capacity data,2020
North Macedonia,Solar Photovoltaic,0.9,IRENA estimate,,2020
North Macedonia,Solid Biomass,,,,2020
North Macedonia,"Tide, Wave and Ocean Energy",,,,2020
North Macedonia,Wind Energy,0.031,IRENA estimate,,2020
Norway,All technologies,16.79079688,,,2020
Norway,Biogas,,,,2020
Norway,CSP,,,,2020
Norway,Geothermal Energy,,,,2020
Norway,Hydropower,9.437,IRENA estimate,Based on employment factors and capacity and manufactruing data.,2020
Norway,Liquid Biofuels,,,,2020
Norway,Municipal and industrial waste,,,,2020
Norway,Others,,,,2020
Norway,Solar Heating / Cooling,0.043796875,IRENA estimate,Based on employment factors and capacity data,2020
Norway,Solar Photovoltaic,0.16,IRENA estimate,,2020
Norway,Solid Biomass,2.35,INTPOW (2009),"The figure given in the source is for all bioenergy. Here, it is assigned to Solid Biomass",2020
Norway,"Tide, Wave and Ocean Energy",,,,2020
Norway,Wind Energy,4.8,IRENA estimate,,2020
Other,All technologies,162.83,,,2020
Other,Biogas,,,,2020
Other,CSP,,,,2020
Other,Geothermal Energy,,,,2020
Other,Hydropower,,,,2020
Other,Liquid Biofuels,,,,2020
Other,Municipal and industrial waste,,,,2020
Other,Others,,,,2020
Other,Solar Heating / Cooling,0.53,IRENA estimate,,2020
Other,Solar Photovoltaic,162.3,GOGLA and Vivid Economics (2018),,2020
Other,Solid Biomass,,,,2020
Other,"Tide, Wave and Ocean Energy",,,,2020
Other,Wind Energy,,,,2020
Pakistan,All technologies,68.866,,,2020
Pakistan,Biogas,1,IRENA estimate,,2020
Pakistan,CSP,,,,2020
Pakistan,Geothermal Energy,,,,2020
Pakistan,Hydropower,63.996,IRENA estimate,Based on employment factors and capacity and manufactruing data.,2020
Pakistan,Liquid Biofuels,,,,2020
Pakistan,Municipal and industrial waste,,,,2020
Pakistan,Others,,,,2020
Pakistan,Solar Heating / Cooling,1,IRENA estimate,Based on employment factors and capacity data,2020
Pakistan,Solar Photovoltaic,1.87,IRENA estimate,Based on employment factors and capacity data,2020
Pakistan,Solid Biomass,,,,2020
Pakistan,"Tide, Wave and Ocean Energy",,,,2020
Pakistan,Wind Energy,1,IRENA estimate,Based on employment factors and capacity data,2020
Panama,All technologies,0.2,,,2020
Panama,Biogas,,,,2020
Panama,CSP,,,,2020
Panama,Geothermal Energy,,,,2020
Panama,Hydropower,,,,2020
Panama,Liquid Biofuels,,,,2020
Panama,Municipal and industrial waste,,,,2020
Panama,Others,,,,2020
Panama,Solar Heating / Cooling,,,,2020
Panama,Solar Photovoltaic,,,,2020
Panama,Solid Biomass,,,,2020
Panama,"Tide, Wave and Ocean Energy",,,,2020
Panama,Wind Energy,0.2,IRENA estimate,Based on employment factors and capacity data,2020
Paraguay,All technologies,13.975,,,2020
Paraguay,Biogas,,,,2020
Paraguay,CSP,,,,2020
Paraguay,Geothermal Energy,,,,2020
Paraguay,Hydropower,13.975,IRENA estimate,Based on employment factors and capacity and manufactruing data.,2020
Paraguay,Liquid Biofuels,,,,2020
Paraguay,Municipal and industrial waste,,,,2020
Paraguay,Others,,,,2020
Paraguay,Solar Heating / Cooling,,,,2020
Paraguay,Solar Photovoltaic,,,,2020
Paraguay,Solid Biomass,,,,2020
Paraguay,"Tide, Wave and Ocean Energy",,,,2020
Paraguay,Wind Energy,,,,2020
Peru,All technologies,12.275,,,2020
Peru,Biogas,0.007,IRENA focal point,Ministerio de Energía y Minas Peru,2020
Peru,CSP,,,,2020
Peru,Geothermal Energy,,,,2020
Peru,Hydropower,11.55,IRENA estimate,Based on employment factors and capacity and manufactruing data.,2020
Peru,Liquid Biofuels,,,,2020
Peru,Municipal and industrial waste,,,,2020
Peru,Others,,,,2020
Peru,Solar Heating / Cooling,,,,2020
Peru,Solar Photovoltaic,0.38,IRENA estimate,,2020
Peru,Solid Biomass,0.038,IRENA focal point,,2020
Peru,"Tide, Wave and Ocean Energy",,,,2020
Peru,Wind Energy,0.3,IRENA estimate,Based on employment factors and capacity data,2020
Philippines,All technologies,120.92,,,2020
Philippines,Biogas,1.1,IRENA focal point,,2020
Philippines,CSP,,,,2020
Philippines,Geothermal Energy,8.3,IRENA focal point,,2020
Philippines,Hydropower,6.443,IRENA estimate,Based on employment factors and capacity and manufactruing data.,2020
Philippines,Liquid Biofuels,28.9,IRENA estimate,Employment factor based estimate,2020
Philippines,Municipal and industrial waste,0.143,IRENA focal point,,2020
Philippines,Others,,,,2020
Philippines,Solar Heating / Cooling,,,,2020
Philippines,Solar Photovoltaic,41.035,IRENA focal point,Employment factor based estimate,2020
Philippines,Solid Biomass,11.203,IRENA focal point,,2020
Philippines,"Tide, Wave and Ocean Energy",,,,2020
Philippines,Wind Energy,23.796,IRENA focal point,Employment factor based estimate,2020
Poland,All technologies,116.819,,,2020
Poland,Biogas,2.7,EurObserv'ER (2020),,2020
Poland,CSP,,,,2020
Poland,Geothermal Energy,0.789,EurObserv'ER (2020),,2020
Poland,Hydropower,1,EurObserv'ER (2020),,2020
Poland,Liquid Biofuels,41.2,EurObserv'ER (2020),,2020
Poland,Municipal and industrial waste,0.2,EurObserv'ER (2020),,2020
Poland,Others,,,,2020
Poland,Solar Heating / Cooling,2.2,EurObserv'ER (2020),,2020
Poland,Solar Photovoltaic,29.4,IRENA estimate,,2020
Poland,Solid Biomass,29.6,EurObserv'ER (2020),,2020
Poland,"Tide, Wave and Ocean Energy",,,,2020
Poland,Wind Energy,9.73,IRENA estimate,,2020
Portugal,All technologies,22.18,,,2020
Portugal,Biogas,0.7,EurObserv'ER (2020),,2020
Portugal,CSP,,,,2020
Portugal,Geothermal Energy,0.404,EurObserv'ER (2020),,2020
Portugal,Hydropower,7.216,IRENA estimate,Based on employment factors and capacity and manufactruing data.,2020
Portugal,Liquid Biofuels,0.3,EurObserv'ER (2020),,2020
Portugal,Municipal and industrial waste,0.5,EurObserv'ER (2020),,2020
Portugal,Others,,,,2020
Portugal,Solar Heating / Cooling,0.5,EurObserv'ER (2020),,2020
Portugal,Solar Photovoltaic,1.9,IRENA estimate,,2020
Portugal,Solid Biomass,7.1,EurObserv'ER (2020),,2020
Portugal,"Tide, Wave and Ocean Energy",,,,2020
Portugal,Wind Energy,3.56,IRENA estimate,,2020
South Korea,All technologies,12.159,,,2020
South Korea,Biogas,0.02,IRENA focal point,Only in manufacturing ,2020
South Korea,CSP,,,,2020
South Korea,Geothermal Energy,0.28,IRENA focal point,Only in manufacturing ,2020
South Korea,Hydropower,0.569,IRENA estimate,Based on employment factors and capacity and manufactruing data.,2020
South Korea,Liquid Biofuels,0.62,IRENA focal point,Only in manufacturing ,2020
South Korea,Municipal and industrial waste,0.39,IRENA focal point,Only in manufacturing ,2020
South Korea,Others,0.02,IRENA focal point,Hydro-thermal sector,2020
South Korea,Solar Heating / Cooling,0.09,IRENA focal point,Only in manufacturing ,2020
South Korea,Solar Photovoltaic,7.54,IRENA focal point,Only in manufacturing,2020
South Korea,Solid Biomass,1.11,IRENA focal point,Only in manufacturing ,2020
South Korea,"Tide, Wave and Ocean Energy",,,,2020
South Korea,Wind Energy,1.52,IRENA focal point,Only in manufacturing ,2020
Romania,All technologies,59.933,,,2020
Romania,Biogas,0.3,EurObserv'ER (2020),,2020
Romania,CSP,,,,2020
Romania,Geothermal Energy,1.107,EurObserv'ER (2020),,2020
Romania,Hydropower,8.226,IRENA estimate,Based on employment factors and capacity and manufactruing data.,2020
Romania,Liquid Biofuels,40,EurObserv'ER (2020),,2020
Romania,Municipal and industrial waste,0.1,EurObserv'ER (2020),,2020
Romania,Others,,,,2020
Romania,Solar Heating / Cooling,0.1,EurObserv'ER (2020),,2020
Romania,Solar Photovoltaic,1,IRENA estimate,,2020
Romania,Solid Biomass,6.8,EurObserv'ER (2020),,2020
Romania,"Tide, Wave and Ocean Energy",,,,2020
Romania,Wind Energy,2.3,IRENA estimate,,2020
Russia,All technologies,73.104,,,2020
Russia,Biogas,,,,2020
Russia,CSP,,,,2020
Russia,Geothermal Energy,,,,2020
Russia,Hydropower,57.594,IRENA estimate,Based on employment factors and capacity and manufactruing data.,2020
Russia,Liquid Biofuels,,,,2020
Russia,Municipal and industrial waste,,,,2020
Russia,Others,,,,2020
Russia,Solar Heating / Cooling,0.01,IRENA estimate,Based on employment factors and capacity data,2020
Russia,Solar Photovoltaic,3.5,IRENA Estimate,,2020
Russia,Solid Biomass,,,,2020
Russia,"Tide, Wave and Ocean Energy",,,,2020
Russia,Wind Energy,12,IRENA estimate,Based on employment factors and capacity data,2020
Rwanda,All technologies,1.075,,,2020
Rwanda,Biogas,,,,2020
Rwanda,CSP,,,,2020
Rwanda,Geothermal Energy,,,,2020
Rwanda,Hydropower,,,,2020
Rwanda,Liquid Biofuels,,,,2020
Rwanda,Municipal and industrial waste,,,,2020
Rwanda,Others,,,,2020
Rwanda,Solar Heating / Cooling,,,,2020
Rwanda,Solar Photovoltaic,1.075,Mobisol (2016),"The workforce of Mobisol is assumed to be split between Tanzania and Rwanda http://eepafrica.org/mobisol-smart-high-quality-solar-solutions-for-30000-households-in-tanzania/
Half of the workforce of Off-Grid-Electric http://www.ledinside.com/news/2015/12/off_grid_electric_aims_to_light_up_tanzania_with_solar_led_systems
The construction workforce for 8.5 MW project http://www.csmonitor.com/Environment/2015/1123/What-a-Rwandan-solar-plant-is-teaching-Africa-about-clean-energy",2020
Rwanda,Solid Biomass,,,,2020
Rwanda,"Tide, Wave and Ocean Energy",,,,2020
Rwanda,Wind Energy,,,,2020
Senegal,All technologies,0.07,,,2020
Senegal,Biogas,,,,2020
Senegal,CSP,,,,2020
Senegal,Geothermal Energy,,,,2020
Senegal,Hydropower,,,,2020
Senegal,Liquid Biofuels,,,,2020
Senegal,Municipal and industrial waste,,,,2020
Senegal,Others,,,,2020
Senegal,Solar Heating / Cooling,0.03,IRENA estimate,Based on employment factors and capacity data,2020
Senegal,Solar Photovoltaic,,,,2020
Senegal,Solid Biomass,,,,2020
Senegal,"Tide, Wave and Ocean Energy",,,,2020
Senegal,Wind Energy,0.04,IRENA estimate,Based on employment factors and capacity data,2020
Serbia,All technologies,0.49,,,2020
Serbia,Biogas,,,,2020
Serbia,CSP,,,,2020
Serbia,Geothermal Energy,,,,2020
Serbia,Hydropower,,,,2020
Serbia,Liquid Biofuels,,,,2020
Serbia,Municipal and industrial waste,,,,2020
Serbia,Others,,,,2020
Serbia,Solar Heating / Cooling,,,,2020
Serbia,Solar Photovoltaic,0.09,IRENA estimate,,2020
Serbia,Solid Biomass,,,,2020
Serbia,"Tide, Wave and Ocean Energy",,,,2020
Serbia,Wind Energy,0.4,IRENA estimate,Based on employment factors and capacity data,2020
Singapore,All technologies,6,,,2020
Singapore,Biogas,,,,2020
Singapore,CSP,,,,2020
Singapore,Geothermal Energy,,,,2020
Singapore,Hydropower,,,,2020
Singapore,Liquid Biofuels,,,,2020
Singapore,Municipal and industrial waste,,,,2020
Singapore,Others,,,,2020
Singapore,Solar Heating / Cooling,,,,2020
Singapore,Solar Photovoltaic,6,IRENA focal point,,2020
Singapore,Solid Biomass,,,,2020
Singapore,"Tide, Wave and Ocean Energy",,,,2020
Singapore,Wind Energy,,,,2020
Slovakia,All technologies,18.505,,,2020
Slovakia,Biogas,1.1,EurObserv'ER (2020),,2020
Slovakia,CSP,,,,2020
Slovakia,Geothermal Energy,0.423,EurObserv'ER (2020),,2020
Slovakia,Hydropower,1.2,EurObserv'ER (2020),,2020
Slovakia,Liquid Biofuels,4,EurObserv'ER (2020),,2020
Slovakia,Municipal and industrial waste,0.1,EurObserv'ER (2020),,2020
Slovakia,Others,,,,2020
Slovakia,Solar Heating / Cooling,0.1,EurObserv'ER (2020),,2020
Slovakia,Solar Photovoltaic,0.22,IRENA estimate,,2020
Slovakia,Solid Biomass,11.3,EurObserv'ER (2020),,2020
Slovakia,"Tide, Wave and Ocean Energy",,,,2020
Slovakia,Wind Energy,0.062,IRENA estimate,,2020
Slovenia,All technologies,4.186,,,2020
Slovenia,Biogas,0.1,EurObserv'ER (2020),,2020
Slovenia,CSP,,,,2020
Slovenia,Geothermal Energy,0.363,EurObserv'ER (2020),,2020
Slovenia,Hydropower,1.373,IRENA estimate,Based on employment factors and capacity and manufactruing data.,2020
Slovenia,Liquid Biofuels,0.1,EurObserv'ER (2020),,2020
Slovenia,Municipal and industrial waste,0.1,EurObserv'ER (2020),,2020
Slovenia,Others,,,,2020
Slovenia,Solar Heating / Cooling,0.1,EurObserv'ER (2020),,2020
Slovenia,Solar Photovoltaic,0.15,IRENA estimate,,2020
Slovenia,Solid Biomass,1.8,EurObserv'ER (2020),,2020
Slovenia,"Tide, Wave and Ocean Energy",,,,2020
Slovenia,Wind Energy,0.1,IRENA estimate,,2020
South Africa,All technologies,53.99,,,2020
South Africa,Biogas,,,,2020
South Africa,CSP,10.442,IRENA focal point,,2020
South Africa,Geothermal Energy,,,,2020
South Africa,Hydropower,0.812,IRENA focal point,Small hydro only.,2020
South Africa,Liquid Biofuels,0.595,IRENA focal point,,2020
South Africa,Municipal and industrial waste,,,,2020
South Africa,Others,,,,2020
South Africa,Solar Heating / Cooling,1.85,IRENA estimate,,2020
South Africa,Solar Photovoltaic,21.451,IRENA focal point,,2020
South Africa,Solid Biomass,,,,2020
South Africa,"Tide, Wave and Ocean Energy",,,,2020
South Africa,Wind Energy,18.84,IRENA focal point,,2020
Spain,All technologies,97.978,,,2020
Spain,Biogas,1.2,EurObserv'ER (2020),,2020
Spain,CSP,5.25,APPA (2021),,2020
Spain,Geothermal Energy,0.97,APPA (2021),,2020
Spain,Hydropower,7.078,IRENA estimate,Based on employment factors and capacity and manufactruing data.,2020
Spain,Liquid Biofuels,4.42,APPA (2021),,2020
Spain,Municipal and industrial waste,0.6,EurObserv'ER (2020),,2020
Spain,Others,,,,2020
Spain,Solar Heating / Cooling,0.91,APPA (2021),,2020
Spain,Solar Photovoltaic,17.5,IRENA estimate,,2020
Spain,Solid Biomass,31.9,APPA (2021),,2020
Spain,"Tide, Wave and Ocean Energy",0.35,APPA (2021),,2020
Spain,Wind Energy,27.8,IRENA estimate,,2020
Sri Lanka,All technologies,2.7,,,2020
Sri Lanka,Biogas,,,,2020
Sri Lanka,CSP,,,,2020
Sri Lanka,Geothermal Energy,,,,2020
Sri Lanka,Hydropower,,,,2020
Sri Lanka,Liquid Biofuels,,,,2020
Sri Lanka,Municipal and industrial waste,,,,2020
Sri Lanka,Others,,,,2020
Sri Lanka,Solar Heating / Cooling,,,,2020
Sri Lanka,Solar Photovoltaic,,,,2020
Sri Lanka,Solid Biomass,,,,2020
Sri Lanka,Wind Energy,2.7,IRENA estimate,Based on employment factors and capacity data,2020
Sweden,All technologies,49.976,,,2020
Sweden,Biogas,0.1,EurObserv'ER (2020),,2020
Sweden,CSP,,,,2020
Sweden,Geothermal Energy,1.896,EurObserv'ER (2020),,2020
Sweden,Hydropower,3.98,IRENA estimate,Based on employment factors and capacity and manufactruing data.,2020
Sweden,Liquid Biofuels,10.9,EurObserv'ER (2020),,2020
Sweden,Municipal and industrial waste,3.4,EurObserv'ER (2020),,2020
Sweden,Others,,,,2020
Sweden,Solar Heating / Cooling,0.1,EurObserv'ER (2020),,2020
Sweden,Solar Photovoltaic,3.7,IRENA estimate,,2020
Sweden,Solid Biomass,18.9,EurObserv'ER (2020),,2020
Sweden,"Tide, Wave and Ocean Energy",,,,2020
Sweden,Wind Energy,7,IRENA estimate,,2020
Switzerland,All technologies,13.946,,,2020
Switzerland,Biogas,0.1,SFOE (2016),,2020
Switzerland,CSP,,,,2020
Switzerland,Geothermal Energy,1.2,IEA GEA (2013),,2020
Switzerland,Hydropower,1.239,IRENA estimate,Based on employment factors and capacity and manufactruing data.,2020
Switzerland,Liquid Biofuels,,,,2020
Switzerland,Municipal and industrial waste,0.2,SFOE (2016),,2020
Switzerland,Others,,,,2020
Switzerland,Solar Heating / Cooling,0.34,IRENA estimate,Based on employment factors and capacity data,2020
Switzerland,Solar Photovoltaic,2.8,IRENA estimate,,2020
Switzerland,Solid Biomass,8,SFOE (2016),,2020
Switzerland,"Tide, Wave and Ocean Energy",,,,2020
Switzerland,Wind Energy,0.067,IRENA estimate,,2020
Tajikistan,All technologies,6.87,,,2020
Tajikistan,Biogas,,,,2020
Tajikistan,CSP,,,,2020
Tajikistan,Geothermal Energy,,,,2020
Tajikistan,Hydropower,6.87,IRENA estimate,Based on employment factors and capacity and manufactruing data.,2020
Tajikistan,Liquid Biofuels,,,,2020
Tajikistan,Municipal and industrial waste,,,,2020
Tajikistan,Others,,,,2020
Tajikistan,Solar Heating / Cooling,,,,2020
Tajikistan,Solar Photovoltaic,,,,2020
Tajikistan,Solid Biomass,,,,2020
Tajikistan,"Tide, Wave and Ocean Energy",,,,2020
Tajikistan,Wind Energy,,,,2020
Thailand,All technologies,159.4369609,,,2020
Thailand,Biogas,,,,2020
Thailand,CSP,,,,2020
Thailand,Geothermal Energy,,,,2020
Thailand,Hydropower,,,,2020
Thailand,Liquid Biofuels,138.6,IRENA estimate,Employment factor based estimate (133k in biodiesel),2020
Thailand,Municipal and industrial waste,,,,2020
Thailand,Others,,,,2020
Thailand,Solar Heating / Cooling,0.126960938,IRENA estimate,Based on employment factors and capacity data,2020
Thailand,Solar Photovoltaic,18.71,IEA PVPS (2020),,2020
Thailand,Solid Biomass,,,,2020
Thailand,"Tide, Wave and Ocean Energy",,,,2020
Thailand,Wind Energy,2,IRENA estimate,Based on employment factors and capacity data,2020
Tunisia,All technologies,1.429,,,2020
Tunisia,Biogas,,,,2020
Tunisia,CSP,,,,2020
Tunisia,Geothermal Energy,,,,2020
Tunisia,Hydropower,,,,2020
Tunisia,Liquid Biofuels,0.25,GIZ (2015),,2020
Tunisia,Municipal and industrial waste,,,,2020
Tunisia,Others,,,,2020
Tunisia,Solar Heating / Cooling,0.779,IRENA estimate,Based on employment factors and capacity data,2020
Tunisia,Solar Photovoltaic,0.2,IRENA estimate,,2020
Tunisia,Solid Biomass,,,,2020
Tunisia,"Tide, Wave and Ocean Energy",,,,2020
Tunisia,Wind Energy,0.2,IRENA estimate,,2020
Turkey,All technologies,109.688,,,2020
Turkey,Biogas,0.7,IRENA focal point,,2020
Turkey,CSP,0,IRENA focal point,,2020
Turkey,Geothermal Energy,5.96,IRENA focal point,"5,410 in power and 550 in heat",2020
Turkey,Hydropower,48.028,IRENA estimate,Based on employment factors and capacity and manufactruing data.,2020
Turkey,Liquid Biofuels,0.5,IRENA focal point,,2020
Turkey,Municipal and industrial waste,2.2,IRENA focal point,,2020
Turkey,Others,,,,2020
Turkey,Solar Heating / Cooling,21.6,IRENA estimate,Based on employment factors and capacity data,2020
Turkey,Solar Photovoltaic,7.7,IRENA estimate,Based on employment factors and capacity data,2020
Turkey,Solid Biomass,0,IRENA focal point,,2020
Turkey,"Tide, Wave and Ocean Energy",,,,2020
Turkey,Wind Energy,23,IRENA estimate,Based on employment factors and capacity data,2020
Uganda,All technologies,1.65,,,2020
Uganda,Biogas,,,,2020
Uganda,CSP,,,,2020
Uganda,Geothermal Energy,,,,2020
Uganda,Hydropower,,,,2020
Uganda,Liquid Biofuels,,,,2020
Uganda,Municipal and industrial waste,,,,2020
Uganda,Others,1.65,Guardian (2015),People trained in renewables,2020
Uganda,Solar Heating / Cooling,,,,2020
Uganda,Solar Photovoltaic,,,,2020
Uganda,Solid Biomass,,,,2020
Uganda,"Tide, Wave and Ocean Energy",,,,2020
Uganda,Wind Energy,,,,2020
Ukraine,All technologies,42.469,,,2020
Ukraine,Biogas,,,,2020
Ukraine,CSP,,,,2020
Ukraine,Geothermal Energy,,,,2020
Ukraine,Hydropower,2.369,IRENA estimate,Based on employment factors and capacity and manufactruing data.,2020
Ukraine,Liquid Biofuels,,,,2020
Ukraine,Municipal and industrial waste,,,,2020
Ukraine,Others,,,,2020
Ukraine,Solar Heating / Cooling,,,,2020
Ukraine,Solar Photovoltaic,29.8,IRENA estimate,,2020
Ukraine,Solid Biomass,6.5,Konechenkov and Shmidt (2016),"Direct + Indirect (includes consultants, lawyers, etc). These jobs have been created since 2010",2020
Ukraine,"Tide, Wave and Ocean Energy",,,,2020
Ukraine,Wind Energy,3.8,IRENA estimate,,2020
United Arab Emirates,All technologies,7.75,,,2020
United Arab Emirates,Biogas,,,,2020
United Arab Emirates,CSP,1,IRENA estimate,,2020
United Arab Emirates,Geothermal Energy,,,,2020
United Arab Emirates,Hydropower,,,,2020
United Arab Emirates,Liquid Biofuels,,,,2020
United Arab Emirates,Municipal and industrial waste,,,,2020
United Arab Emirates,Others,0.25,IRENA estimate,"Renewables energy workforce of universities, utilitites and organisations such as Masdar and IRENA",2020
United Arab Emirates,Solar Heating / Cooling,,,,2020
United Arab Emirates,Solar Photovoltaic,6.5,IRENA estimate,Based on employment factors and capacity data,2020
United Arab Emirates,Solid Biomass,,,,2020
United Arab Emirates,"Tide, Wave and Ocean Energy",,,,2020
United Arab Emirates,Wind Energy,,,,2020
United Kingdom,All technologies,124.434,,,2020
United Kingdom,Biogas,3.24,REA (2021),,2020
United Kingdom,CSP,,,,2020
United Kingdom,Geothermal Energy,0.961,EurObserv'ER (2020),,2020
United Kingdom,Hydropower,2.713,IRENA estimate,Based on employment factors and capacity and manufactruing data.,2020
United Kingdom,Liquid Biofuels,13.196,REA (2021),,2020
United Kingdom,Municipal and industrial waste,8.912,REA (2021),,2020
United Kingdom,Others,,,,2020
United Kingdom,Solar Heating / Cooling,7.114,REA (2021),,2020
United Kingdom,Solar Photovoltaic,6.8,IRENA estimate,,2020
United Kingdom,Solid Biomass,29.17,REA (2021),,2020
United Kingdom,"Tide, Wave and Ocean Energy",0.928,REA (2021),,2020
United Kingdom,Wind Energy,51.4,REA (2021),,2020
Tanzania,All technologies,3.035,,,2020
Tanzania,Biogas,,,,2020
Tanzania,CSP,,,,2020
Tanzania,Geothermal Energy,,,,2020
Tanzania,Hydropower,,,,2020
Tanzania,Liquid Biofuels,1.31,Urbanchuk (2012),,2020
Tanzania,Municipal and industrial waste,,,,2020
Tanzania,Others,,,,2020
Tanzania,Solar Heating / Cooling,,,,2020
Tanzania,Solar Photovoltaic,1.725,Mobisol (2016),"Includes workforce of Mobisol, Off-grid Electric and AKON Solar",2020
Tanzania,Solid Biomass,,,,2020
Tanzania,"Tide, Wave and Ocean Energy",,,,2020
Tanzania,Wind Energy,,,,2020
United States of America,All technologies,838.415,,,2020
United States of America,Biogas,,,,2020
United States of America,CSP,0,Solar Foundation (2021),,2020
United States of America,Geothermal Energy,8.002,US DOE (2021),,2020
United States of America,Hydropower,70.953,US DOE (2021),,2020
United States of America,Liquid Biofuels,271.11,IRENA estimate,,2020
United States of America,Municipal and industrial waste,,,,2020
United States of America,Others,95.578,US DOE (2021),"Includes solar thermal, geothermal, biomass, heat pumps, etc. -- but no breakouts available",2020
United States of America,Solar Heating / Cooling,0,Solar Foundation (2021),,2020
United States of America,Solar Photovoltaic,231.474,Solar Foundation (2021),,2020
United States of America,Solid Biomass,44.481,US DOE (2021),"12,000 in power and 32,400 in woody biomass fuel",2020
United States of America,"Tide, Wave and Ocean Energy",,,,2020
United States of America,Wind Energy,116.817,AWEA (2021),,2020
Uruguay,All technologies,10.389,,,2020
Uruguay,Biogas,0.016,IRENA focal point,,2020
Uruguay,CSP,,,,2020
Uruguay,Geothermal Energy,,,,2020
Uruguay,Hydropower,0.497,IRENA focal point,,2020
Uruguay,Liquid Biofuels,5.45,IRENA focal point,"Estimate based on 3 plants (Bioethanol sugar cane: 1,890 jobs, Bioethanol-Cereal: 1,470 & Biodiesel soy:2,100)",2020
Uruguay,Municipal and industrial waste,0.006,IRENA focal point,,2020
Uruguay,Others,,,,2020
Uruguay,Solar Heating / Cooling,0.2,IRENA focal point,Based on employment factors and capacity data,2020
Uruguay,Solar Photovoltaic,0.67,IRENA focal point,,2020
Uruguay,Solid Biomass,2.55,IRENA focal point,,2020
Uruguay,"Tide, Wave and Ocean Energy",,,,2020
Uruguay,Wind Energy,1,IRENA focal point,,2020
Uzbekistan,All technologies,3.054,,,2020
Uzbekistan,Biogas,,,,2020
Uzbekistan,CSP,,,,2020
Uzbekistan,Geothermal Energy,,,,2020
Uzbekistan,Hydropower,3.054,IRENA estimate,Based on employment factors and capacity and manufactruing data.,2020
Uzbekistan,Liquid Biofuels,,,,2020
Uzbekistan,Municipal and industrial waste,,,,2020
Uzbekistan,Others,,,,2020
Uzbekistan,Solar Heating / Cooling,,,,2020
Uzbekistan,Solar Photovoltaic,,,,2020
Uzbekistan,Solid Biomass,,,,2020
Uzbekistan,"Tide, Wave and Ocean Energy",,,,2020
Uzbekistan,Wind Energy,,,,2020
Venezuela,All technologies,15.062,,,2020
Venezuela,Biogas,,,,2020
Venezuela,CSP,,,,2020
Venezuela,Geothermal Energy,,,,2020
Venezuela,Hydropower,15.062,IRENA estimate,Based on employment factors and capacity and manufactruing data.,2020
Venezuela,Liquid Biofuels,,,,2020
Venezuela,Municipal and industrial waste,,,,2020
Venezuela,Others,,,,2020
Venezuela,Solar Heating / Cooling,,,,2020
Venezuela,Solar Photovoltaic,,,,2020
Venezuela,Solid Biomass,,,,2020
Venezuela,"Tide, Wave and Ocean Energy",,,,2020
Venezuela,Wind Energy,,,,2020
Vietnam,All technologies,228.706,,,2020
Vietnam,Biogas,,,,2020
Vietnam,CSP,,,,2020
Vietnam,Geothermal Energy,,,,2020
Vietnam,Hydropower,96.236,IRENA estimate,Based on employment factors and capacity and manufactruing data.,2020
Vietnam,Liquid Biofuels,2.67,Urbanchuk (2012),,2020
Vietnam,Municipal and industrial waste,,,,2020
Vietnam,Others,,,,2020
Vietnam,Solar Heating / Cooling,,,,2020
Vietnam,Solar Photovoltaic,126.3,IRENA estimate,Based on employment factors and capacity data,2020
Vietnam,Solid Biomass,,,,2020
Vietnam,"Tide, Wave and Ocean Energy",,,,2020
Vietnam,Wind Energy,3.5,IRENA estimate,Based on employment factors and capacity data,2020
Zambia,All technologies,13.172,,,2020
Zambia,Biogas,,,,2020
Zambia,CSP,,,,2020
Zambia,Geothermal Energy,,,,2020
Zambia,Hydropower,11.972,IRENA estimate,Based on employment factors and capacity and manufactruing data.,2020
Zambia,Liquid Biofuels,,,,2020
Zambia,Municipal and industrial waste,,,,2020
Zambia,Others,,,,2020
Zambia,Solar Heating / Cooling,,,,2020
Zambia,Solar Photovoltaic,1.2,IRENA estimate,,2020
Zambia,Solid Biomass,,,,2020
Zambia,"Tide, Wave and Ocean Energy",,,,2020
Zambia,Wind Energy,,,,2020
Zimbabwe,All technologies,0.21,,,2020
Zimbabwe,Biogas,,,,2020
Zimbabwe,CSP,,,,2020
Zimbabwe,Geothermal Energy,,,,2020
Zimbabwe,Hydropower,,,,2020
Zimbabwe,Liquid Biofuels,,,,2020
Zimbabwe,Municipal and industrial waste,,,,2020
Zimbabwe,Others,,,,2020
Zimbabwe,Solar Heating / Cooling,0.21,IRENA estimate,Based on employment factors and capacity data,2020
Zimbabwe,Solar Photovoltaic,,,,2020
Zimbabwe,Solid Biomass,,,,2020
Zimbabwe,"Tide, Wave and Ocean Energy",,,,2020
Zimbabwe,Wind Energy,,,,2020
